Sector,(Barangay),Agriculture,Agriculture,Agriculture,Agriculture,Agriculture,Agriculture,Agriculture,Agriculture,Agriculture,Agriculture,Agriculture,Agriculture,Agriculture,Agriculture,Agriculture,Agriculture,Agriculture,Agriculture,Agriculture,Agriculture,Agriculture,Agriculture,Agriculture,Agriculture,Agriculture,Agriculture,Agriculture,Agriculture,Agriculture,Agriculture,Agriculture,Agriculture,Agriculture,Agriculture,Agriculture,Agriculture,Agriculture,Agriculture,Agriculture,Agriculture,Agriculture,Agriculture,Agriculture,Agriculture,Agriculture,Agriculture,Agriculture,Agriculture,Agriculture,Agriculture,Agriculture,Agriculture,Agriculture,Agriculture,Agriculture,Agriculture,Agriculture,Agriculture,Agriculture,Agriculture,Agriculture,Agriculture,Agriculture,Agriculture,Agriculture,Agriculture,Agriculture,Agriculture,Agriculture,Agriculture,Agriculture,Agriculture,Agriculture,Agriculture,Agriculture,Agriculture,Agriculture,Agriculture,Agriculture,Agriculture,Agriculture,Agriculture,Agriculture,Agriculture,Agriculture,Agriculture,Agriculture,Agriculture,Agriculture,Agriculture,Agriculture,Agriculture,Agriculture,Agriculture,Agriculture,Agriculture,Agriculture,Agriculture,Agriculture,Agriculture,Agriculture,Agriculture,Agriculture,Agriculture,Agriculture,Agriculture,Agriculture,Agriculture,Agriculture,Agriculture,Agriculture,Agriculture,Agriculture,Agriculture,Agriculture,Agriculture,Agriculture,Agriculture,Agriculture,Agriculture,Agriculture,Agriculture,Agriculture,Agriculture,Agriculture,Agriculture,Agriculture,Agriculture,Agriculture,Agriculture,Agriculture,Agriculture,Agriculture,Agriculture,Agriculture,Agriculture,Agriculture,Agriculture,Agriculture,Agriculture,Agriculture,Agriculture,Agriculture,Agriculture,Agriculture,Agriculture,Agriculture,Agriculture,Agriculture,Agriculture,Agriculture,Agriculture,Agriculture,Agriculture,Agriculture,Agriculture,Agriculture,Agriculture,Agriculture,Agriculture,Agriculture,Agriculture,Agriculture,Agriculture,Agriculture,Agriculture,Agriculture,Agriculture,Agriculture,Agriculture,Agriculture,Agriculture,Agriculture,Agriculture,Agriculture,Agriculture,Agriculture,Agriculture,Agriculture,Agriculture,Agriculture,Agriculture,Agriculture,Agriculture,Agriculture,Agriculture,Agriculture,Agriculture,Agriculture,Agriculture,Agriculture,Agriculture,Agriculture,Agriculture,Agriculture,Agriculture,Agriculture,Agriculture,Agriculture,Agriculture,Agriculture,Agriculture,Agriculture,Agriculture,Agriculture,Agriculture,Agriculture,Agriculture,Agriculture,Agriculture,Agriculture,Agriculture,Agriculture,Agriculture,Agriculture,Agriculture,Agriculture,Agriculture,Agriculture,Agriculture,Agriculture,Agriculture,Agriculture,Agriculture,Agriculture,Agriculture,Agriculture,Agriculture,Agriculture,Agriculture,Agriculture,Agriculture,Agriculture,Agriculture,Agriculture,Agriculture,Agriculture,Agriculture,Agriculture,Agriculture,Agriculture,Agriculture,Agriculture,Agriculture,Agriculture,Agriculture,Agriculture,Agriculture,Agriculture,Agriculture,Agriculture,Agriculture,Agriculture,Agriculture,Agriculture,Agriculture,Agriculture,Agriculture,Agriculture,Agriculture,Agriculture,Agriculture,Agriculture,Agriculture,Agriculture,Agriculture,Agriculture,Agriculture,Agriculture,Agriculture,Agriculture,Agriculture,Agriculture,Agriculture,Agriculture,Agriculture,Agriculture,Agriculture,Agriculture,Agriculture,Agriculture,Agriculture,Agriculture,Agriculture,Agriculture,Agriculture,Agriculture,Agriculture,Agriculture,Agriculture,Agriculture,Agriculture,Agriculture,Agriculture,Agriculture,Agriculture,Agriculture,Agriculture,Agriculture,Agriculture,Agriculture,Agriculture,Agriculture,Agriculture,Agriculture,Agriculture,Agriculture,Agriculture,Agriculture,Agriculture,Agriculture,Agriculture,Agriculture,Agriculture,Agriculture,Agriculture,Agriculture,Agriculture,Agriculture,Agriculture,Agriculture,Agriculture,Agriculture,Agriculture,Agriculture,Agriculture,Agriculture,Agriculture,Agriculture,Agriculture,Agriculture,Agriculture,Agriculture,Agriculture
Element,None,Crops,Crops,Crops,Crops,Crops,Crops,Crops,Crops,Crops,Crops,Crops,Crops,Crops,Crops,Crops,Crops,Crops,Crops,Crops,Crops,Crops,Crops,Crops,Crops,Crops,Crops,Crops,Crops,Crops,Crops,Crops,Crops,Crops,Crops,Crops,Crops,Crops,Crops,Crops,Crops,Crops,Crops,Crops,Crops,Crops,Crops,Crops,Crops,Crops,Crops,Crops,Crops,Crops,Crops,Crops,Crops,Crops,Crops,Crops,Crops,Crops,Crops,Crops,Crops,Crops,Crops,Crops,Crops,Crops,Crops,Crops,Crops,Crops,Crops,Crops,Crops,Crops,Crops,Crops,Crops,Crops,Crops,Crops,Crops,Crops,Crops,Crops,Crops,Crops,Crops,Crops,Crops,Crops,Crops,Crops,Crops,Crops,Crops,Crops,Crops,Crops,Crops,Crops,Crops,Crops,Crops,Crops,Crops,Crops,Crops,Crops,Crops,Crops,Crops,Crops,Crops,Crops,Crops,Crops,Crops,Crops,Crops,Fisheries,Fisheries,Fisheries,Fisheries,Fisheries,Fisheries,Fisheries,Fisheries,Fisheries,Fisheries,Fisheries,Fisheries,Fisheries,Fisheries,Fisheries,Fisheries,Fisheries,Fisheries,Fisheries,Fisheries,Fisheries,Fisheries,Fisheries,Fisheries,Fisheries,Fisheries,Fisheries,Fisheries,Fisheries,Fisheries,Fisheries,Fisheries,Fisheries,Fisheries,Fisheries,Fisheries,Fisheries,Fisheries,Fisheries,Fisheries,Fisheries,Fisheries,Fisheries,Fisheries,Fisheries,Fisheries,Fisheries,Fisheries,Fisheries,Fisheries,Fisheries,Fisheries,Fisheries,Fisheries,Fisheries,Fisheries,Fisheries,Fisheries,Fisheries,Fisheries,Fisheries,Fisheries,Fisheries,Fisheries,Fisheries,Fisheries,Fisheries,Fisheries,Fisheries,Fisheries,Fisheries,Fisheries,Fisheries,Fisheries,Fisheries,Fisheries,Fisheries,Livestock,Livestock,Livestock,Livestock,Livestock,Livestock,Livestock,Livestock,Livestock,Livestock,Livestock,Livestock,Livestock,Livestock,Livestock,Livestock,Livestock,Livestock,Livestock,Livestock,Livestock,Livestock,Livestock,Livestock,Livestock,Livestock,Livestock,Livestock,Livestock,Livestock,Livestock,Livestock,Livestock,Livestock,Livestock,Livestock,Livestock,Livestock,Livestock,Livestock,Livestock,Livestock,Livestock,Livestock,Livestock,Livestock,Livestock,Livestock,Livestock,Livestock,Livestock,Livestock,Livestock,Livestock,Livestock,Livestock,Livestock,Livestock,Livestock,Livestock,Livestock,Livestock,Livestock,Livestock,Livestock,Livestock,Livestock,Livestock,Livestock,Livestock,Livestock,Livestock,Livestock,Livestock,Livestock,Livestock,Livestock,Livestock,Livestock,Livestock,Livestock,Livestock,Livestock,Livestock,Livestock,Livestock,Livestock,Livestock,Livestock,Livestock,Livestock,Livestock,Livestock,Livestock,Livestock,Livestock,Livestock,Livestock,Livestock,Livestock,Livestock,Livestock,Livestock,Livestock,Livestock,Livestock,Livestock,Livestock,Livestock,Livestock,Livestock,Livestock,Livestock,Livestock,Livestock,Livestock,Livestock,Livestock,Livestock,Livestock,Livestock,Livestock,Livestock,Livestock,Livestock,Livestock,Livestock,Livestock,Livestock,Livestock,Livestock,Livestock,Livestock,Livestock,Livestock
Hazard,None,All Hazards,All Hazards,All Hazards,All Hazards,All Hazards,All Hazards,All Hazards,All Hazards,All Hazards,All Hazards,All Hazards,All Hazards,All Hazards,All Hazards,All Hazards,All Hazards,All Hazards,All Hazards,All Hazards,All Hazards,All Hazards,All Hazards,All Hazards,All Hazards,All Hazards,All Hazards,All Hazards,All Hazards,All Hazards,All Hazards,All Hazards,All Hazards,All Hazards,All Hazards,All Hazards,All Hazards,All Hazards,All Hazards,All Hazards,All Hazards,All Hazards,All Hazards,All Hazards,All Hazards,All Hazards,All Hazards,All Hazards,All Hazards,All Hazards,All Hazards,All Hazards,All Hazards,All Hazards,All Hazards,All Hazards,All Hazards,All Hazards,Drought,Drought,Drought,Drought,Drought,Drought,Drought,Drought,Drought,Drought,Drought,Drought,Drought,Flood,Flood,Flood,Flood,Flood,Flood,Flood,Flood,Flood,Flood,Flood,Flood,Flood,Rain-Induced Landslide,Rain-Induced Landslide,Rain-Induced Landslide,Rain-Induced Landslide,Rain-Induced Landslide,Rain-Induced Landslide,Rain-Induced Landslide,Rain-Induced Landslide,Rain-Induced Landslide,Rain-Induced Landslide,Rain-Induced Landslide,Rain-Induced Landslide,Rain-Induced Landslide,Sea Level Rise,Sea Level Rise,Sea Level Rise,Sea Level Rise,Sea Level Rise,Sea Level Rise,Sea Level Rise,Sea Level Rise,Sea Level Rise,Sea Level Rise,Sea Level Rise,Sea Level Rise,Sea Level Rise,Storm Surge,Storm Surge,Storm Surge,Storm Surge,Storm Surge,Storm Surge,Storm Surge,Storm Surge,Storm Surge,Storm Surge,Storm Surge,Storm Surge,Storm Surge,All Hazards,All Hazards,All Hazards,All Hazards,All Hazards,All Hazards,All Hazards,All Hazards,All Hazards,All Hazards,All Hazards,All Hazards,All Hazards,All Hazards,All Hazards,All Hazards,All Hazards,All Hazards,All Hazards,All Hazards,All Hazards,All Hazards,All Hazards,All Hazards,All Hazards,All Hazards,All Hazards,All Hazards,All Hazards,All Hazards,All Hazards,All Hazards,All Hazards,All Hazards,All Hazards,All Hazards,All Hazards,All Hazards,All Hazards,All Hazards,Rain-Induced Landslide,Rain-Induced Landslide,Rain-Induced Landslide,Rain-Induced Landslide,Rain-Induced Landslide,Rain-Induced Landslide,Rain-Induced Landslide,Rain-Induced Landslide,Rain-Induced Landslide,Rain-Induced Landslide,Rain-Induced Landslide,Rain-Induced Landslide,Rain-Induced Landslide,Sea Level Rise,Sea Level Rise,Sea Level Rise,Sea Level Rise,Sea Level Rise,Sea Level Rise,Sea Level Rise,Sea Level Rise,Sea Level Rise,Sea Level Rise,Sea Level Rise,Sea Level Rise,Storm Surge,Storm Surge,Storm Surge,Storm Surge,Storm Surge,Storm Surge,Storm Surge,Storm Surge,Storm Surge,Storm Surge,Storm Surge,Storm Surge,All Hazards,All Hazards,All Hazards,All Hazards,All Hazards,All Hazards,All Hazards,All Hazards,All Hazards,All Hazards,All Hazards,All Hazards,All Hazards,All Hazards,All Hazards,All Hazards,All Hazards,All Hazards,All Hazards,All Hazards,All Hazards,All Hazards,All Hazards,All Hazards,All Hazards,All Hazards,All Hazards,All Hazards,All Hazards,All Hazards,All Hazards,All Hazards,All Hazards,All Hazards,All Hazards,All Hazards,All Hazards,All Hazards,All Hazards,All Hazards,All Hazards,All Hazards,All Hazards,All Hazards,All Hazards,All Hazards,All Hazards,All Hazards,All Hazards,All Hazards,All Hazards,All Hazards,All Hazards,All Hazards,All Hazards,All Hazards,All Hazards,All Hazards,All Hazards,All Hazards,All Hazards,All Hazards,All Hazards,All Hazards,All Hazards,All Hazards,All Hazards,All Hazards,All Hazards,All Hazards,Drought,Drought,Drought,Drought,Drought,Drought,Drought,Drought,Drought,Drought,Drought,Drought,Drought,Flood,Flood,Flood,Flood,Flood,Flood,Flood,Flood,Flood,Flood,Flood,Flood,Flood,Rain-Induced Landslide,Rain-Induced Landslide,Rain-Induced Landslide,Rain-Induced Landslide,Rain-Induced Landslide,Rain-Induced Landslide,Rain-Induced Landslide,Rain-Induced Landslide,Rain-Induced Landslide,Rain-Induced Landslide,Rain-Induced Landslide,Rain-Induced Landslide,Rain-Induced Landslide,Sea Level Rise,Sea Level Rise,Sea Level Rise,Sea Level Rise,Sea Level Rise,Sea Level Rise,Sea Level Rise,Sea Level Rise,Sea Level Rise,Sea Level Rise,Sea Level Rise,Sea Level Rise,Sea Level Rise,Storm Surge,Storm Surge,Storm Surge,Storm Surge,Storm Surge,Storm Surge,Storm Surge,Storm Surge,Storm Surge,Storm Surge,Storm Surge,Storm Surge,Storm Surge
Disaster Risk Aspect,None,Adaptive Capacity,Adaptive Capacity,Adaptive Capacity,Adaptive Capacity,Adaptive Capacity,Adaptive Capacity,Adaptive Capacity,Adaptive Capacity,Adaptive Capacity,Adaptive Capacity,Adaptive Capacity,Adaptive Capacity,Adaptive Capacity,Adaptive Capacity,Adaptive Capacity,Adaptive Capacity,Adaptive Capacity,Adaptive Capacity,Adaptive Capacity,Adaptive Capacity,Adaptive Capacity,Adaptive Capacity,Adaptive Capacity,Adaptive Capacity,Adaptive Capacity,Adaptive Capacity,Adaptive Capacity,Adaptive Capacity,Adaptive Capacity,Adaptive Capacity,Adaptive Capacity,Adaptive Capacity,Adaptive Capacity,Adaptive Capacity,Adaptive Capacity,Adaptive Capacity,Adaptive Capacity,Adaptive Capacity,Adaptive Capacity,Adaptive Capacity,Adaptive Capacity,Adaptive Capacity,Exposure,Exposure,Exposure,Exposure,Sensitivity,Sensitivity,Sensitivity,Sensitivity,Sensitivity,Sensitivity,Sensitivity,Sensitivity,Sensitivity,Sensitivity,Sensitivity,Degree of Impact,Degree of Impact,Exposure,Exposure,Exposure,Exposure,Hazard,Hazard,Overall Risk,Overall Risk,Overall Risk,Overall Risk,Overall Risk,Degree of Impact,Degree of Impact,Exposure,Exposure,Exposure,Exposure,Hazard,Hazard,Overall Risk,Overall Risk,Overall Risk,Overall Risk,Overall Risk,Degree of Impact,Degree of Impact,Exposure,Exposure,Exposure,Exposure,Hazard,Hazard,Overall Risk,Overall Risk,Overall Risk,Overall Risk,Overall Risk,Degree of Impact,Degree of Impact,Exposure,Exposure,Exposure,Exposure,Hazard,Hazard,Overall Risk,Overall Risk,Overall Risk,Overall Risk,Overall Risk,Degree of Impact,Degree of Impact,Exposure,Exposure,Exposure,Exposure,Hazard,Hazard,Overall Risk,Overall Risk,Overall Risk,Overall Risk,Overall Risk,Adaptive Capacity,Adaptive Capacity,Adaptive Capacity,Adaptive Capacity,Adaptive Capacity,Adaptive Capacity,Adaptive Capacity,Adaptive Capacity,Adaptive Capacity,Adaptive Capacity,Adaptive Capacity,Adaptive Capacity,Adaptive Capacity,Adaptive Capacity,Adaptive Capacity,Adaptive Capacity,Adaptive Capacity,Adaptive Capacity,Adaptive Capacity,Adaptive Capacity,Exposure,Exposure,Exposure,Exposure,Exposure,Exposure,Exposure,Exposure,Exposure,Exposure,Exposure,Sensitivity,Sensitivity,Sensitivity,Sensitivity,Sensitivity,Sensitivity,Sensitivity,Sensitivity,Sensitivity,Degree of Impact,Degree of Impact,Exposure,Exposure,Exposure,Exposure,Hazard,Hazard,Overall Risk,Overall Risk,Overall Risk,Overall Risk,Overall Risk,Degree of Impact,Degree of Impact,Exposure,Exposure,Exposure,Exposure,Hazard,Overall Risk,Overall Risk,Overall Risk,Overall Risk,Overall Risk,Degree of Impact,Degree of Impact,Exposure,Exposure,Exposure,Exposure,Hazard,Overall Risk,Overall Risk,Overall Risk,Overall Risk,Overall Risk,Adaptive Capacity,Adaptive Capacity,Adaptive Capacity,Adaptive Capacity,Adaptive Capacity,Adaptive Capacity,Adaptive Capacity,Adaptive Capacity,Adaptive Capacity,Adaptive Capacity,Adaptive Capacity,Adaptive Capacity,Adaptive Capacity,Adaptive Capacity,Adaptive Capacity,Adaptive Capacity,Adaptive Capacity,Adaptive Capacity,Adaptive Capacity,Adaptive Capacity,Adaptive Capacity,Adaptive Capacity,Adaptive Capacity,Adaptive Capacity,Adaptive Capacity,Adaptive Capacity,Adaptive Capacity,Adaptive Capacity,Adaptive Capacity,Adaptive Capacity,Adaptive Capacity,Adaptive Capacity,Adaptive Capacity,Adaptive Capacity,Adaptive Capacity,Adaptive Capacity,Adaptive Capacity,Adaptive Capacity,Adaptive Capacity,Adaptive Capacity,Adaptive Capacity,Exposure,Exposure,Exposure,Exposure,Exposure,Exposure,Exposure,Exposure,Exposure,Exposure,Exposure,Exposure,Exposure,Exposure,Exposure,Exposure,Sensitivity,Sensitivity,Sensitivity,Sensitivity,Sensitivity,Sensitivity,Sensitivity,Sensitivity,Sensitivity,Sensitivity,Sensitivity,Sensitivity,Sensitivity,Degree of Impact,Degree of Impact,Exposure,Exposure,Exposure,Exposure,Hazard,Hazard,Overall Risk,Overall Risk,Overall Risk,Overall Risk,Overall Risk,Degree of Impact,Degree of Impact,Exposure,Exposure,Exposure,Exposure,Hazard,Hazard,Overall Risk,Overall Risk,Overall Risk,Overall Risk,Overall Risk,Degree of Impact,Degree of Impact,Exposure,Exposure,Exposure,Exposure,Hazard,Hazard,Overall Risk,Overall Risk,Overall Risk,Overall Risk,Overall Risk,Degree of Impact,Degree of Impact,Exposure,Exposure,Exposure,Exposure,Hazard,Hazard,Overall Risk,Overall Risk,Overall Risk,Overall Risk,Overall Risk,Degree of Impact,Degree of Impact,Exposure,Exposure,Exposure,Exposure,Hazard,Hazard,Overall Risk,Overall Risk,Overall Risk,Overall Risk,Overall Risk
Detail,None,Adaptive Capacity Score,Information_Description_IEC MATERIAL,Information_Description_PRIMITIVE EARLY WARNING SYSTEM (BATINGAW; BELL; KAMPANA),Information_Description_RADIO,Information_Description_SIGNAGE,Information_Description_SOCIAL MEDIA,Information_Description_TEXT MESSAGE,Information_Description_TV,Information_Score,Infrastructure_Description_COFFEE MILL,Infrastructure_Description_CORN MILL,Infrastructure_Description_CORN SHELLER,Infrastructure_Description_FLOATING TILLER,Infrastructure_Description_FOUR WHEEL DRIVE TRACTOR,Infrastructure_Description_HAND TRACTOR,Infrastructure_Description_MANUAL THRESHER,Infrastructure_Description_MECHANICAL DRYER,Infrastructure_Description_MECHANICAL THRESHER,Infrastructure_Description_MPDP,Infrastructure_Description_REAPER,Infrastructure_Description_RICE MILL,Infrastructure_Score,Institutional(slash)Government Investments_Description_CONTINGENCY PLAN,Institutional(slash)Government Investments_Description_DRRMP,Institutional(slash)Government Investments_Description_FORCED EVACUATION ORDINANCE,Institutional(slash)Government Investments_Score,Social_Description_AGRICULTURAL TECHNOLOGIST,Social_Description_FA,Social_Description_IA,Social_Description_LFT,Social_Score,Technology_Description_IEC,Technology_Description_IEC ON CLIMATE SMART AGRICULTURE,Technology_Description_ORGANIC AGRICULTURE TECHNOLOGY,Technology_Description_RESEARCH STUDY ON FLOOD RESILIENT VARIETY,Technology_Description_RESEARCH STUDY ON SALINITY RESILIENT VARIETY,Technology_Score,Wealth_Description_PCIC,Wealth_Description_REHAB SEEDS FROM DEPARTMENT OF AGRICULTURE,Wealth_Description_SURE AID LOAN,Wealth_Description_SURE LOAN,Wealth_Score,Area Of Agricultural Lands (Hectares),Average Income Per Hectare Per Year (Php),No Households Dependent On Agriculture,Variety Of Commodity,No Of Farming Households,No Of Farming Households_Score,Percentage Of Areas Without Infrastructure Coverage,Percentage Of Areas Without Infrastructure Coverage_Score,Percentage Of Areas Without Irrigation Coverage,Percentage Of Areas Without Irrigation Coverage_Score,Percentage Of Families Using Sustainable Production Techniques,Percentage Of Families Using Sustainable Production Techniques_Score,Percentage Of Farmers Without Access To Hazard Information,Percentage Of Farmers Without Access To Hazard Information_Score,Sensitivity Score,Degree Of Impact Category,Degree Of Impact Score,% Of Exposed Agricultural Lands (Hectares),Exposed Agricultural Lands (Hectares),Exposure Score,Geographical Area Or Ecosystem,Likelihood Of Occurrence,Magnitude Or Depth,Risk Category,Risk Score,Severity Of Consequence Score,Vulnerability Category,Vulnerability Score,Degree Of Impact Category,Degree Of Impact Score,% Of Exposed Agricultural Lands (Hectares),Exposed Agricultural Lands (Hectares),Exposure Score,Geographical Area Or Ecosystem,Likelihood Of Occurrence,Magnitude Or Depth,Risk Category,Risk Score,Severity Of Consequence Score,Vulnerability Category,Vulnerability Score,Degree Of Impact Category,Degree Of Impact Score,% Of Exposed Agricultural Lands (Hectares),Exposed Agricultural Lands (Hectares),Exposure Score,Geographical Area Or Ecosystem,Likelihood Of Occurrence,Magnitude Or Depth,Risk Category,Risk Score,Severity Of Consequence Score,Vulnerability Category,Vulnerability Score,Degree Of Impact Category,Degree Of Impact Score,% Of Exposed Agricultural Lands (Hectares),Exposed Agricultural Lands (Hectares),Exposure Score,Geographical Area Or Ecosystem,Likelihood Of Occurrence,Magnitude Or Depth,Risk Category,Risk Score,Severity Of Consequence Score,Vulnerability Category,Vulnerability Score,Degree Of Impact Category,Degree Of Impact Score,% Of Exposed Agricultural Lands (Hectares),Exposed Agricultural Lands (Hectares),Exposure Score,Geographical Area Or Ecosystem,Likelihood Of Occurrence,Magnitude Or Depth,Risk Category,Risk Score,Severity Of Consequence Score,Vulnerability Category,Vulnerability Score,Adaptive Capacity Score,Capacity Or Willingness To Retrofit Or Relocate_Description,Capacity Or Willingness To Retrofit Or Relocate_Score,Government Investments_Description_AQUA-BASED FOOD PROCESSING FACILITY,Government Investments_Description_COMMUNITY FISH LANDING CENTER,Government Investments_Description_CONTINGENCY PLAN,Government Investments_Description_DRRMP,Government Investments_Description_FORCED EVACUATION ORDINANCE,Government Investments_Score,Information_Description_RADIO AND TV ANNOUNCEMENT,Information_Description_SOCIAL MEDIA (FACEBOOK; INSTAGRAM),Information_Description_TEXT MESSAGE,Information_Score,Technology_Description_IEC,Technology_Description_RESEARCH STUDIES ON SPECIES SUITABILITY,Technology_Description_TECHNO- DEMO ON FISHERY - AQUACULTURE TECHNOLOGY ADAPTATION,Technology_Score,Wealth_Description_FINGERLING DISPERSAL,Wealth_Description_PCIC,Wealth_Score,Bangus_Ave Output Per Hectare (Mt) Fish Culture,Bangus_Ave Output Per Hectare (Php),No Of Affected Fish Sanctuaries,No Of Commercial Fishermen,No Of Fish Ports (slash) Storage Facilities,No Of Fisheries-Dependent Households,No Of Hectares For Aquaculture,No Of Hectares Of Mangrove Areas,No Of Municipal Fisherfolk,Tilapia_Ave Output Per Hectare (Mt) Fish Culture,Tilapia_Ave Output Per Hectare (Php),Percentage Of Fishermen Without Access To Hazard Information,Percentage Of Fishermen Without Access To Hazard Information_Score,Percentage Of Fishermen Without Access To Market,Percentage Of Fishermen Without Access To Market_Score,Percentage Of Fishermen Without Alternative Livelihoods,Percentage Of Fishermen Without Alternative Livelihoods_Score,Percentage Of Fishermen Without Their Own Boats And Fishing Nets,Percentage Of Fishermen Without Their Own Boats And Fishing Nets_Score,Sensitivity Score,Degree Of Impact Category,Degree Of Impact Score,Exposed Area,Exposure Score,Geographical Area Or Ecosystem,Percentage Of Exposed Areas,Likelihood Of Occurrence,Magnitude Or Depth,Risk Category,Risk Score,Severity Of Consequence Score,Vulnerability Category,Vulnerability Score,Degree Of Impact Category,Degree Of Impact Score,Exposed Area,Exposure Score,Geographical Area Or Ecosystem,Percentage Of Exposed Areas,Likelihood Of Occurrence,Risk Category,Risk Score,Severity Of Consequence Score,Vulnerability Category,Vulnerability Score,Degree Of Impact Category,Degree Of Impact Score,Exposed Area,Exposure Score,Geographical Area Or Ecosystem,Percentage Of Exposed Areas,Likelihood Of Occurrence,Risk Category,Risk Score,Severity Of Consequence Score,Vulnerability Category,Vulnerability Score,Adaptive Capacity Score,Information_Description_IEC MATERIAL,Information_Description_PRIMITIVE EARLY WARNING SYSTEM (BATINGAW; BELL; KAMPANA),Information_Description_RADIO,Information_Description_SIGNAGE,Information_Description_SOCIAL MEDIA,Information_Description_TEXT MESSAGE,Information_Description_TV,Information_Score,Infrastructure_Description_CORN MILL,Infrastructure_Description_CORN SHELLER,Infrastructure_Description_FLOATING TILLER,Infrastructure_Description_FOUR WHEEL DRIVE TRACTOR,Infrastructure_Description_HAND TRACTOR,Infrastructure_Description_MANUAL THRESHER,Infrastructure_Description_MECHANICAL DRYER,Infrastructure_Description_MECHANICAL THRESHER,Infrastructure_Description_MPDP,Infrastructure_Description_REAPER,Infrastructure_Description_RICE MILL,Infrastructure_Score,Institutional(slash)Government Investments_Description_CONTINGENCY PLAN,Institutional(slash)Government Investments_Description_DRRMP,Institutional(slash)Government Investments_Description_FORCED EVACUATION ORDINANCE,Institutional(slash)Government Investments_Score,Social_Description_AGRICULTURAL TECHNOLOGIST,Social_Description_FA,Social_Description_IA,Social_Description_LFT,Social_Score,Technology_Description_IEC,Technology_Description_IEC ON CLIMATE SMART AGRICULTURE,Technology_Description_ORGANIC AGRICULTURE TECHNOLOGY,Technology_Description_RESEARCH STUDY ON FLOOD RESILIENT VARIETY,Technology_Description_RESEARCH STUDY ON SALINITY RESILIENT VARIETY,Technology_Score,Wealth_Description_PCIC,Wealth_Description_REHAB SEEDS FROM DEPARTMENT OF AGRICULTURE,Wealth_Description_SURE AID LOAN,Wealth_Description_SURE LOAN,Wealth_Score,Ave Output Per Head (Php),Dominant Livestock_BOAR,Dominant Livestock_BROILER,Dominant Livestock_CARABAO,Dominant Livestock_CATTLE,Dominant Livestock_CHICKEN,Dominant Livestock_DUCK,Dominant Livestock_FATTENING,Dominant Livestock_GAMEFOWL,Dominant Livestock_GOAT,Dominant Livestock_HOG,Dominant Livestock_LAYER,Dominant Livestock_PIGLET,Dominant Livestock_SOW,No Of Livestock Farming Dependent Households,Total Area Allocation (Hectares),Percentage Of Areas With Infrastructure Coverage,Percentage Of Areas With Infrastructure Coverage_Score,Percentage Of Areas Without Technical Support,Percentage Of Areas Without Technical Support_Score,Percentage Of Areas Without Water And Electricity,Percentage Of Areas Without Water And Electricity_Score,Percentage Of Farmers Without Access To Hazard Information,Percentage Of Farmers Without Access To Hazard Information_Score,Percentage Of Farmers Without Alternative Livelihood,Percentage Of Farmers Without Alternative Livelihood_Score,Percentage Of Poor Households,Percentage Of Poor Households_Score,Sensitivity Score,Degree Of Impact Category,Degree Of Impact Score,Area Affected By Hazard,Exposure Percentage,Exposure Score,Geographical Area Or Ecosystem,Likelihood Of Occurrence,Magnitude Or Depth,Risk Category,Risk Score,Severity Of Consequence Score,Vulnerability Category,Vulnerability Score,Degree Of Impact Category,Degree Of Impact Score,Area Affected By Hazard,Exposure Percentage,Exposure Score,Geographical Area Or Ecosystem,Likelihood Of Occurrence,Magnitude Or Depth,Risk Category,Risk Score,Severity Of Consequence Score,Vulnerability Category,Vulnerability Score,Degree Of Impact Category,Degree Of Impact Score,Area Affected By Hazard,Exposure Percentage,Exposure Score,Geographical Area Or Ecosystem,Likelihood Of Occurrence,Magnitude Or Depth,Risk Category,Risk Score,Severity Of Consequence Score,Vulnerability Category,Vulnerability Score,Degree Of Impact Category,Degree Of Impact Score,Area Affected By Hazard,Exposure Percentage,Exposure Score,Geographical Area Or Ecosystem,Likelihood Of Occurrence,Magnitude Or Depth,Risk Category,Risk Score,Severity Of Consequence Score,Vulnerability Category,Vulnerability Score,Degree Of Impact Category,Degree Of Impact Score,Area Affected By Hazard,Exposure Percentage,Exposure Score,Geographical Area Or Ecosystem,Likelihood Of Occurrence,Magnitude Or Depth,Risk Category,Risk Score,Severity Of Consequence Score,Vulnerability Category,Vulnerability Score
Index/Barangay,,,,,,,,,,,,,,,,,,,,,,,,,,,,,,,,,,,,,,,,,,,,,,,,,,,,,,,,,,,,,,,,,,,,,,,,,,,,,,,,,,,,,,,,,,,,,,,,,,,,,,,,,,,,,,,,,,,,,,,,,,,,,,,,,,,,,,,,,,,,,,,,,,,,,,,,,,,,,,,,,,,,,,,,,,,,,,,,,,,,,,,,,,,,,,,,,,,,,,,,,,,,,,,,,,,,,,,,,,,,,,,,,,,,,,,,,,,,,,,,,,,,,,,,,,,,,,,,,,,,,,,,,,,,,,,,,,,,,,,,,,,,,,,,,,,,,,,,,,,,,,,,,,,,,,,,,,,,,,,,,,,,,,,,,,,,,,,
Agusan Pequeno,Agusan Pequeno,,,,,,,,,,,,,,,,,,,,,,,,,,,,,,,,,,,,,,,,,,,,,,,,,,,,,,,,,,,,,,,,,,,,,,,,,,,,,,,,,,,,,,,,,,,,,,,,,,,,,,,,,,,,,,,,,,,,,,,,,,,3.4,Yes,4,No,No,Yes,Yes,Yes,3,Yes,Yes,Yes,4,Yes,Yes,Yes,3,Yes,Yes,3,0.0,0.0,0,0,0,56,8.14,58.70525529619243,56,7.7,924.0,0.45,4.0,0,1,0.75,4,1.0,1,2.5,,,,,,,,,,,,,,Medium High,3.75,7.30546,5,Lowland,0.9683,3,Very High Risk,12,4,Medium Low,1.0714285714285714,Medium High,3.75,7.30546,5,Lowland,0.9683,2,Very High Risk,8,4,Medium Low,1.0714285714285714,,,,,,,,,,,,,,,,,,,,,,,,,,,,,,,,,,,,,,,,,,,,,,,,,,,,,,,,,,,,,,,,,,,,,,,,,,,,,,,,,,,,,,,,,,,,,,,,,,,,,,,,,,,,,,,,,,,,,,,,,,,,,,,,,,,,,,,
Ambago,Ambago,3.166666667,Yes,Yes,Yes,Yes,Yes,Yes,Yes,4,No,No,No,No,No,Yes,Yes,No,No,Yes,No,No,3,Yes,Yes,Yes,3,Yes,Yes,Yes,Yes,3,No,Yes,No,Yes,No,3.0,Yes,Yes,Yes,Yes,3,354.8775,22320.0,40,Rice,40,2,0.0634021599,2,0.0470007256,1.0,0.0,5,0.45,4,2.8,Medium High,3.9,0.987345,333.918,5,Lowland,4,High,High Risk,16,4,Medium Low,1.231578947,Medium High,3.9,0.987345,333.918,5,Lowland,6,Severe,Very High Risk,24,4,Medium Low,1.231578947,,,,,,,,,,,,,,Medium High,3.2,0.534279,180.69,3,Lowland,3,High,Moderate Risk,12,4,Medium Low,1.0,Medium High,3.2,0.5343,180.692,3,Lowland,2,High,Very High Risk,8,4,Medium Low,1.0,3.4,Yes,4,No,No,Yes,Yes,Yes,3,Yes,Yes,Yes,4,Yes,Yes,Yes,3,Yes,Yes,3,8.4,1260.0,0,0,0,84,131.35,128.59447238555305,84,0.0,0.0,0.3,3.0,0,1,0.85,4,1.0,1,2.25,,,,,,,,,,,,,,Medium High,3.625,189.901,5,Lowland,0.9519,3,Very High Risk,12,4,Medium Low,1.0357142857142858,Medium High,3.625,189.901,5,Lowland,0.9519,2,Very High Risk,8,4,Medium Low,1.0357142857142858,3.1666666666666665,Yes,Yes,Yes,Yes,Yes,Yes,Yes,4,No,No,No,No,Yes,Yes,No,No,Yes,No,No,3,Yes,Yes,Yes,3,Yes,Yes,Yes,Yes,3,No,Yes,No,Yes,No,3.0,Yes,Yes,Yes,Yes,3,750000,No,No,No,No,No,No,No,No,Yes,No,No,No,No,30,354.8775,0.7,5,0.24,1,0.762963551179227,2,0.44999999999999996,4,0.06,1,0.3083122629582807,3,2.6666666666666665,Medium High,3.833333333333333,338.19877,0.953001444160309,5,Lowland,4,High,Very High Risk,16.0,4.0,Medium Low,1.2105263157894737,Medium High,3.7,338.19877,0.953001444160309,5,Lowland,6,Severe,Very High Risk,24.0,4.0,Medium Low,1.168421052631579,,,,,,,,,,,,,,Medium High,3.7,180.69,0.5343,3,Lowland,3,High,Moderate Risk,12,4,Medium Low,1.2,Medium High,3.7,180.69,0.5245,3,Lowland,2,High,Very High Risk,12,4,Medium Low,1.2
Amparo,Amparo,3.0,Yes,Yes,Yes,Yes,Yes,Yes,Yes,3,No,No,No,No,No,Yes,Yes,No,Yes,No,No,No,3,Yes,Yes,Yes,3,Yes,Yes,Yes,Yes,3,No,Yes,Yes,Yes,No,3.0,Yes,Yes,Yes,Yes,3,566.686,72192.85714,312,Rice,312,5,0.04446907106,1,0.1218805476,2.0,0.1071428571,4,0.45,4,3.2,Medium High,3.1,0.2842793011,161.0971,3,Upland,4,Low,High Risk,12,3,Medium Low,1.033333333,Medium High,3.1,0.2842793011,161.0971,3,Upland,6,Slight,High Risk,18,3,Medium Low,1.033333333,Medium High,3.1,0.34,171.56,3,Upland,4,Slight,High Risk,12,3,Medium Low,1.0,Medium Low,1.9,0.0330816,16.46,1,Upland,3,High,Moderate Risk,9,3,Low,0.6,Medium Low,1.9,0.0331,16.462,1,Upland,2,Low,High Risk,6,3,Low,0.6,,,,,,,,,,,,,,,,,,,,,,,,,,,,,,,,,,,,,,,,,,,,,,,,,,,,,,,,,,,,,,,,,,,,,,,,,,,,,,,,,,,,,,,,,,,,,,,,,,,,,,,,,,,,,,,,,,,,,,,,,,,,,,,,,,,,,,,,,,,,,,,,,,,,,,,,,,,,,,,,,,,,,,,,,,,,,,,,,,,,,,,,,,,,,,,,,,,,,,,,,,,,,,,,,,,,
Ampayon,Ampayon,3.0,Yes,Yes,Yes,Yes,Yes,Yes,Yes,3,No,Yes,No,No,Yes,Yes,Yes,Yes,Yes,Yes,No,Yes,3,Yes,Yes,Yes,3,Yes,Yes,Yes,Yes,3,No,Yes,Yes,Yes,No,3.0,Yes,Yes,Yes,Yes,3,445.289,191639.0977,80,Rice,80,2,0.1792094572,3,0.3347196989,4.0,0.3,3,0.3,3,3.0,Medium High,4.0,0.6650557279,296.142,5,Lowland,4,Low,High Risk,16,4,Medium Low,1.333333333,Medium High,4.0,0.6650557279,296.142,5,Lowland,6,Slight,Very High Risk,24,4,Medium Low,1.333333333,Medium Low,2.0,0.0,0.171389,1,Lowland,4,Slight,Very High Risk,16,4,Low,0.7,,,,,,,,,,,,,,,,,,,,,,,,,,,,,,,,,,,,,,,,,,,,,,,,,,,,,,,,,,,,,,,,,,,,,,,,,,,,,,,,,,,,,,,,,,,,,,,,,,,,,,,,3.0,Yes,Yes,Yes,Yes,Yes,Yes,Yes,3,Yes,No,No,Yes,Yes,Yes,Yes,Yes,Yes,No,Yes,3,Yes,Yes,Yes,3,Yes,Yes,Yes,Yes,3,No,Yes,Yes,Yes,No,3.0,Yes,Yes,Yes,Yes,3,2700000,No,No,No,Yes,No,No,No,No,No,No,No,No,No,150,445.289,0.820790542771099,5,0.38,2,0.82948798988622,1,0.30000000000000004,3,0.3,2,0.6198620689655172,5,3.0,Medium High,4.0,296.142,0.665055727853147,5,Lowland,4,High,Very High Risk,16.0,4.0,Medium Low,1.3333333333333333,Medium High,3.6,296.142,0.665055727853147,5,Lowland,6,Slight,Very High Risk,24.0,4.0,Medium Low,1.2,Medium High,4.0,0.17,0.00057,5,Lowland,3,Low,Low Risk,3,1,Medium Low,1.3333333333333333,,,,,,,,,,,,,,,,,,,,,,,,,,
Anticala,Anticala,3.0,Yes,Yes,Yes,Yes,Yes,Yes,Yes,3,No,No,No,No,No,No,No,No,No,Yes,No,No,3,Yes,Yes,Yes,3,Yes,Yes,Yes,Yes,3,Yes,No,Yes,No,No,2.0,Yes,No,No,No,4,161.521,25991.03139,280,Banana,280,4,0.4141876289,4,0.0,0.0,0.04035874439,5,0.45,4,3.4,High,4.2,0.6642603748,107.292,5,Upland,4,Low,High Risk,16,4,Medium Low,1.4,High,4.2,0.6642603748,107.292,5,Upland,6,Slight,Very High Risk,24,4,Medium Low,1.4,Medium,2.7,0.25,40.534,2,Upland,4,Slight,Very High Risk,16,4,Low,0.9,,,,,,,,,,,,,,,,,,,,,,,,,,,,,,,,,,,,,,,,,,,,,,,,,,,,,,,,,,,,,,,,,,,,,,,,,,,,,,,,,,,,,,,,,,,,,,,,,,,,,,,,,,,,,,,,,,,,,,,,,,,,,,,,,,,,,,,,,,,,,,,,,,,,,,,,,,,,,,,,,,,,,,,,,,,,,,,,,,,,,,,,,,,,,,,,,,,,,,,,,,,,,,,,,,,,,,,,,,,,,,,,,,,,,,,,,,,,,,
Antongalon,Antongalon,3.0,Yes,Yes,Yes,Yes,Yes,Yes,Yes,3,No,Yes,No,No,No,Yes,Yes,Yes,Yes,Yes,No,Yes,3,Yes,Yes,Yes,3,Yes,Yes,Yes,Yes,3,No,Yes,No,Yes,No,3.0,Yes,Yes,Yes,Yes,3,653.113,44937.18843,195,Rice,195,3,0.2303582994,3,0.5583704504,5.0,0.0,5,0.45,4,4.0,Medium High,3.5,0.3027669025,197.741,3,Lowland,4,Low,High Risk,12,3,Medium Low,1.166666667,Medium High,3.5,0.3027669025,197.741,3,Lowland,6,Slight,High Risk,18,3,Medium Low,1.166666667,Medium,3.0,0.25,72.6087,2,Lowland,4,Slight,High Risk,12,3,Low,1.0,,,,,,,,,,,,,,,,,,,,,,,,,,,,,,,,,,,,,,,,,,,,,,,,,,,,,,,,,,,,,,,,,,,,,,,,,,,,,,,,,,,,,,,,,,,,,,,,,,,,,,,,,,,,,,,,,,,,,,,,,,,,,,,,,,,,,,,,,,,,,,,,,,,,,,,,,,,,,,,,,,,,,,,,,,,,,,,,,,,,,,,,,,,,,,,,,,,,,,,,,,,,,,,,,,,,,,,,,,,,,,,,,,,,,,,,,,,,,,
Aupagan,Aupagan,3.0,Yes,Yes,Yes,Yes,Yes,Yes,Yes,3,No,No,No,No,No,Yes,No,Yes,No,Yes,No,Yes,3,Yes,Yes,Yes,3,Yes,Yes,Yes,Yes,3,No,Yes,Yes,Yes,No,3.0,Yes,Yes,Yes,Yes,3,732.837,144138.5942,265,Rice,265,4,0.2562643535,3,0.3723420078,4.0,0.01437699681,5,0.45,4,4.0,Medium High,3.5,0.1653543285,121.17777,3,Lowland,4,Low,Moderate Risk,8,2,Medium Low,1.166666667,Medium High,3.5,0.1653543285,121.17777,3,Lowland,6,Slight,Moderate Risk,12,2,Medium Low,1.166666667,Medium High,4.0,0.68,312.447,4,Lowland,4,Slight,Moderate Risk,8,2,Medium Low,1.3,Medium High,3.6,0.0188651,8.68,3,Lowland,3,High,Low Risk,6,2,Medium Low,1.2,Medium High,3.6,0.0189,8.67739,3,Lowland,2,High,Moderate Risk,4,2,Medium Low,1.2,,,,,,,,,,,,,,,,,,,,,,,,,,,,,,,,,,,,,,,,,,,,,,,,,,,,,,,,,,,,,,,,,,,,,,,,,,,,,,,,,,,,,,,,,,,,,,,,,,,,,,,,,,,,,,,,,,,,,,,,,,,,,,,,,,,,,,,,,,,,,,,,,,,,,,,,,,,,,,,,,,,,,,,,,,,,,,,,,,,,,,,,,,,,,,,,,,,,,,,,,,,,,,,,,,,,
Baan Km 3,Baan Km 3,3.0,Yes,Yes,Yes,Yes,Yes,Yes,Yes,3,No,No,No,Yes,No,Yes,Yes,No,No,Yes,No,No,3,Yes,Yes,Yes,3,Yes,Yes,Yes,Yes,3,No,Yes,Yes,Yes,No,3.0,Yes,Yes,Yes,Yes,3,831.523,79398.74077,185,Rice,185,3,0.1730535415,3,0.4758028341,4.0,0.01876329066,5,0.2,3,3.6,High,4.3,0.5241965646,435.8815,5,Lowland,4,Moderate,High Risk,16,4,Medium Low,1.433333333,High,4.3,0.5241965646,435.8815,5,Lowland,6,Moderate,Very High Risk,24,4,Medium Low,1.433333333,,,,,,,,,,,,,,Medium,3.0,0.22619,98.59,2,Lowland,3,Low,Moderate Risk,12,4,Low,1.0,Medium,3.0,0.2262,98.5923,2,Lowland,2,Low,Very High Risk,8,4,Low,1.0,,,,,,,,,,,,,,,,,,,,,,,,,,,,,,,,,,,,,,,,,,,,,,,,,,,,,,,,,,,,,,,,,,,,,,,,,,,,,,3.0,Yes,Yes,Yes,Yes,Yes,Yes,Yes,3,No,No,Yes,No,Yes,Yes,No,No,Yes,No,No,3,Yes,Yes,Yes,3,Yes,Yes,Yes,Yes,3,No,Yes,Yes,Yes,No,3.0,Yes,Yes,Yes,Yes,3,3150000,No,Yes,No,No,No,No,No,Yes,No,No,No,No,No,210,831.523,0.89,5,0.19999999999999996,1,0.7342458448137941,2,0.19999999999999996,3,0.105,1,0.48387755102040814,4,2.6666666666666665,Medium High,3.833333333333333,435.8815,0.524196564616974,5,Lowland,4,Moderate,High Risk,12.0,3.0,Medium Low,1.2777777777777777,Medium High,3.6,435.8815,0.524196564616974,5,Lowland,6,Moderate,High Risk,18.0,3.0,Medium Low,1.2,,,,,,,,,,,,,,Medium High,3.6,98.59,0.2262,2,Lowland,3,Low,Moderate Risk,9,3,Medium Low,1.2,Medium High,3.6,98.59,0.2123,2,Lowland,2,Low,Very High Risk,9,3,Medium Low,1.2
Babag,Babag,,,,,,,,,,,,,,,,,,,,,,,,,,,,,,,,,,,,,,,,,,,,,,,,,,,,,,,,,,,,,,,,,,,,,,,,,,,,,,,,,,,,,,,,,,,,,,,,,,,,,,,,,,,,,,,,,,,,,,,,,,,3.4,Yes,4,No,No,Yes,Yes,Yes,3,Yes,Yes,Yes,4,Yes,Yes,Yes,3,Yes,Yes,3,8.7,1305.0,0,0,0,131,176.54,209.22567002044042,131,0.0,0.0,0.45,4.0,0,1,0.7,4,1.0,1,2.5,,,,,,,,,,,,,,Medium High,3.75,63.16,5,Lowland,0.9355,3,Very High Risk,12,4,Medium Low,1.0714285714285714,Medium High,3.75,63.16,5,Lowland,0.9355,2,Very High Risk,8,4,Medium Low,1.0714285714285714,,,,,,,,,,,,,,,,,,,,,,,,,,,,,,,,,,,,,,,,,,,,,,,,,,,,,,,,,,,,,,,,,,,,,,,,,,,,,,,,,,,,,,,,,,,,,,,,,,,,,,,,,,,,,,,,,,,,,,,,,,,,,,,,,,,,,,,
Bading,Bading,3.0,Yes,Yes,Yes,Yes,Yes,Yes,Yes,3,No,No,No,No,No,No,No,No,No,No,No,No,3,Yes,Yes,Yes,3,Yes,Yes,Yes,Yes,3,No,Yes,No,Yes,No,3.0,Yes,Yes,Yes,Yes,3,47.7489,95531.53846,30,Rice,30,1,0.326709097,4,0.2713779794,3.0,0.0,5,0.45,4,3.4,High,4.2,0.7286220206,34.7909,5,Lowland,4,High,High Risk,16,4,Medium Low,1.4,High,4.2,0.7286220206,34.7909,5,Lowland,6,Severe,Very High Risk,24,4,Medium Low,1.4,,,,,,,,,,,,,,Medium High,3.4,0.58112,20.22,3,Lowland,3,High,Moderate Risk,12,4,Medium Low,1.1,Medium High,3.4,0.5811,20.2177,3,Lowland,2,High,Very High Risk,8,4,Medium Low,1.1,,,,,,,,,,,,,,,,,,,,,,,,,,,,,,,,,,,,,,,,,,,,,,,,,,,,,,,,,,,,,,,,,,,,,,,,,,,,,,,,,,,,,,,,,,,,,,,,,,,,,,,,,,,,,,,,,,,,,,,,,,,,,,,,,,,,,,,,,,,,,,,,,,,,,,,,,,,,,,,,,,,,,,,,,,,,,,,,,,,,,,,,,,,,,,,,,,,,,,,,,,,,,,,,,,,,
Bancasi,Bancasi,3.0,Yes,Yes,Yes,Yes,Yes,Yes,Yes,3,No,Yes,No,No,No,Yes,No,No,No,Yes,No,Yes,3,Yes,Yes,Yes,3,Yes,Yes,Yes,Yes,3,No,Yes,No,Yes,No,3.0,Yes,Yes,Yes,Yes,3,761.832,150788.5714,120,Rice,120,3,0.08269539741,2,0.1667848029,3.0,0.04285714286,5,0.45,4,3.4,Medium High,3.7,0.4377043758,333.4572,4,Upland,4,Low,High Risk,16,4,Medium Low,1.233333333,Medium High,3.7,0.4377043758,333.4572,4,Upland,6,Slight,Very High Risk,24,4,Medium Low,1.233333333,Medium High,3.2,0.43,271.102,3,Upland,4,Slight,Very High Risk,16,4,Medium Low,1.1,Medium,2.7,0.158273,100.47,2,Upland,3,High,Moderate Risk,12,4,Low,0.9,Medium,2.7,0.1583,100.467,2,Upland,2,High,Very High Risk,8,4,Low,0.9,,,,,,,,,,,,,,,,,,,,,,,,,,,,,,,,,,,,,,,,,,,,,,,,,,,,,,,,,,,,,,,,,,,,,,,,,,,,,,3.0,Yes,Yes,Yes,Yes,Yes,Yes,Yes,3,Yes,No,No,No,Yes,No,No,No,Yes,No,Yes,3,Yes,Yes,Yes,3,Yes,Yes,Yes,Yes,3,No,Yes,No,Yes,No,3.0,Yes,Yes,Yes,Yes,3,1908000,No,No,No,Yes,No,No,No,No,No,No,No,No,No,400,761.832,0.87,5,0.32999999999999996,2,0.895714285714286,1,0.44999999999999996,4,0.2,2,0.5378285107512609,5,3.1666666666666665,Medium High,3.583333333333333,333.4572,0.43770437576788584,4,Upland,4,Slight,High Risk,12.0,3.0,Medium Low,1.1944444444444444,Medium High,3.2,333.4572,0.43770437576788584,4,Upland,6,Slight,High Risk,18.0,3.0,Medium Low,1.0666666666666667,Medium High,3.666666666666667,271.1,0.4271,4,Upland,3,Low,Very High Risk,12,4,Medium Low,1.2222222222222223,Medium High,3.2,100.56,0.1583,1,Upland,3,High,Low Risk,6,2,Medium Low,1.0666666666666667,Medium High,3.2,100.56,0.1677,1,Upland,2,High,Very High Risk,6,2,Medium Low,1.0666666666666667
Banza,Banza,3.333333333,Yes,Yes,Yes,Yes,Yes,Yes,Yes,3,No,No,No,No,No,Yes,Yes,No,No,Yes,No,No,3,Yes,Yes,Yes,3,Yes,Yes,Yes,Yes,3,Yes,No,No,No,Yes,4.0,Yes,No,No,No,4,425.5278,32285.71429,156,Coconut,156,3,0.1480514317,2,0.1998854129,3.0,0.0,5,0.3,3,3.2,High,4.1,0.8001156916,340.47147,5,Lowland,4,High,High Risk,16,4,Medium Low,1.23,High,4.1,0.8001156916,340.47147,5,Lowland,6,Severe,Very High Risk,24,4,Medium Low,1.23,,,,,,,,,,,,,,Medium High,3.3,0.452362,154.02,3,Lowland,3,Moderate,Moderate Risk,12,4,Low,1.0,Medium High,3.3,0.4524,154.016,3,Lowland,2,Moderate,Very High Risk,8,4,Low,1.0,3.4,Yes,4,No,No,Yes,Yes,Yes,3,Yes,Yes,Yes,4,Yes,Yes,Yes,3,Yes,Yes,3,0.0,0.0,0,0,0,1,31.52,71.45766545378746,1,7.5,900.0,0.45,4.0,0,1,0.8,4,1.0,1,2.5,,,,,,,,,,,,,,Medium High,3.75,31.96,5,Lowland,0.8267,3,Very High Risk,12,4,Medium Low,1.0714285714285714,Medium High,3.75,31.96,5,Lowland,0.8267,2,Very High Risk,8,4,Medium Low,1.0714285714285714,,,,,,,,,,,,,,,,,,,,,,,,,,,,,,,,,,,,,,,,,,,,,,,,,,,,,,,,,,,,,,,,,,,,,,,,,,,,,,,,,,,,,,,,,,,,,,,,,,,,,,,,,,,,,,,,,,,,,,,,,,,,,,,,,,,,,,,
Baobaoan,Baobaoan,3.0,Yes,Yes,Yes,Yes,Yes,Yes,Yes,3,No,No,No,No,No,Yes,No,Yes,Yes,No,No,Yes,3,Yes,Yes,Yes,3,Yes,Yes,Yes,Yes,3,No,Yes,No,Yes,No,3.0,Yes,Yes,Yes,Yes,3,990.384,97084.5481,200,Rice,200,3,0.2077981874,3,0.7144198614,5.0,0.0,5,0.45,4,4.0,High,4.5,0.3437772319,340.47147,5,Lowland,4,Moderate,High Risk,12,3,Medium Low,1.5,High,4.5,0.3437772319,340.47147,5,Lowland,6,Moderate,High Risk,18,3,Medium Low,1.5,Medium,2.2,0.0,0.881132,1,Lowland,4,Moderate,High Risk,12,3,Low,0.7,Medium High,3.7,0.367611,103.97,3,Lowland,3,Low,Moderate Risk,9,3,Medium Low,1.2,Medium High,3.7,0.3676,103.973,3,Lowland,2,Low,High Risk,6,3,Medium Low,1.2,3.4,Yes,4,No,No,Yes,Yes,Yes,3,Yes,Yes,Yes,4,Yes,Yes,Yes,3,Yes,Yes,3,0.0,0.0,0,0,0,2,1.5,0.0,2,7.8,936.0,0.45,4.0,0,1,0.8,4,1.0,1,2.5,,,,,,,,,,,,,,Medium High,3.25,3.09,4,Lowland,0.0045,3,Low Risk,3,1,Low,0.9285714285714286,Medium High,3.25,3.09,4,Lowland,0.0045,2,Low Risk,2,1,Low,0.9285714285714286,,,,,,,,,,,,,,,,,,,,,,,,,,,,,,,,,,,,,,,,,,,,,,,,,,,,,,,,,,,,,,,,,,,,,,,,,,,,,,,,,,,,,,,,,,,,,,,,,,,,,,,,,,,,,,,,,,,,,,,,,,,,,,,,,,,,,,,
Basag,Basag,3.0,Yes,Yes,Yes,Yes,Yes,Yes,Yes,3,No,No,Yes,No,No,Yes,Yes,No,Yes,Yes,Yes,Yes,3,Yes,Yes,Yes,3,Yes,Yes,Yes,Yes,3,No,Yes,No,Yes,No,3.0,Yes,Yes,Yes,Yes,3,802.998,131159.447,325,Rice,325,4,0.2026779643,3,0.2934739563,3.0,0.0,5,0.45,4,3.8,High,4.4,0.5230548519,420.012,5,Lowland,4,Low,High Risk,16,4,Medium Low,1.466666667,High,4.4,0.5230548519,420.012,5,Lowland,6,Slight,Very High Risk,24,4,Medium Low,1.466666667,Medium Low,2.0,0.18,101.071,1,Lowland,4,Slight,Very High Risk,16,4,Low,0.7,,,,,,,,,,,,,,,,,,,,,,,,,,,,,,,,,,,,,,,,,,,,,,,,,,,,,,,,,,,,,,,,,,,,,,,,,,,,,,,,,,,,,,,,,,,,,,,,,,,,,,,,3.0,Yes,Yes,Yes,Yes,Yes,Yes,Yes,3,No,Yes,No,No,Yes,Yes,No,Yes,Yes,Yes,Yes,3,Yes,Yes,Yes,3,Yes,Yes,Yes,Yes,3,No,Yes,No,Yes,No,3.0,Yes,Yes,Yes,Yes,3,610000,No,No,No,No,No,No,No,No,No,Yes,No,No,No,496,802.998,0.797322035671322,5,0.30000000000000004,2,0.9556676400318556,1,0.44999999999999996,4,0.496,3,0.3827274404871748,3,3.0,Medium High,4.0,420.012,0.523054851942346,5,Lowland,4,Slight,High Risk,12.0,3.0,Medium Low,1.3333333333333333,Medium High,3.7,420.012,0.523054851942346,5,Lowland,6,Slight,High Risk,18.0,3.0,Medium Low,1.2333333333333334,High,4.083333333333333,101.07,0.1781,5,Lowland,3,Low,Moderate Risk,6,2,Medium Low,1.361111111111111,,,,,,,,,,,,,,,,,,,,,,,,,,
Bayanihan,Bayanihan,2.666666667,Yes,Yes,Yes,Yes,Yes,Yes,Yes,3,No,No,No,No,No,Yes,No,No,No,Yes,No,No,3,Yes,Yes,Yes,3,Yes,Yes,Yes,Yes,3,No,Yes,No,No,No,,Yes,No,No,No,4,64.23699,30000.0,20,Coconut,20,1,0.04670206372,1,0.1416518738,2.0,0.0,5,0.45,4,2.6,Medium High,3.8,0.8583484376,55.13772,5,Lowland,4,Low,High Risk,16,4,Medium Low,1.425,Medium High,3.8,0.8583484376,55.13772,5,Lowland,6,Slight,Very High Risk,24,4,Medium Low,1.425,,,,,,,,,,,,,,,,,,,,,,,,,,,,,,,,,,,,,,,,,,,,,,,,,,,,,,,,,,,,,,,,,,,,,,,,,,,,,,,,,,,,,,,,,,,,,,,,,,,,,,,,,,,,,,,,,,,,,,,,,,,,,,,,,,,,,,,,,,,,,,,,,,,,,,,,,,,,,,,,,,,,,,,,,,,,,,,,,,,,,,,,,,,,,,,,,,,,,,,,,,,,,,,,,,,,,,,,,,,,,,,,,,,,,,,,,,,,,,,,,,,,,,,,,,,
Bilay,Bilay,3.0,Yes,Yes,Yes,Yes,Yes,Yes,Yes,3,No,Yes,No,No,No,Yes,No,No,Yes,Yes,No,Yes,3,Yes,Yes,Yes,3,Yes,Yes,Yes,Yes,3,Yes,No,Yes,No,No,2.0,Yes,No,No,No,4,315.4703,24580.0,90,Banana,90,2,0.2282306765,3,0.0921078783,2.0,0.0375,5,0.5,4,3.2,Medium High,3.6,0.342520326,108.05499,4,Upland,4,Low,High Risk,12,3,Medium Low,1.2,Medium High,3.6,0.342520326,108.05499,4,Upland,6,Slight,High Risk,18,3,Medium Low,1.2,Medium,2.9,0.4,115.156,3,Upland,4,Slight,High Risk,12,3,Low,1.0,Medium,2.3,0.0183783,5.26,1,Upland,3,Low,Moderate Risk,9,3,Low,0.8,Medium,2.3,0.0184,5.26377,1,Upland,2,Low,High Risk,6,3,Low,0.8,,,,,,,,,,,,,,,,,,,,,,,,,,,,,,,,,,,,,,,,,,,,,,,,,,,,,,,,,,,,,,,,,,,,,,,,,,,,,,,,,,,,,,,,,,,,,,,,,,,,,,,,,,,,,,,,,,,,,,,,,,,,,,,,,,,,,,,,,,,,,,,,,,,,,,,,,,,,,,,,,,,,,,,,,,,,,,,,,,,,,,,,,,,,,,,,,,,,,,,,,,,,,,,,,,,,
Bit-Os,Bit-Os,3.0,Yes,Yes,Yes,Yes,Yes,Yes,Yes,3,No,Yes,No,No,No,Yes,Yes,Yes,Yes,Yes,No,No,3,Yes,Yes,Yes,3,Yes,Yes,Yes,Yes,3,No,Yes,Yes,Yes,No,3.0,Yes,Yes,Yes,Yes,3,699.632,154800.0,430,Rice,430,4,0.07482505088,2,0.158111693,3.0,0.0375,5,0.45,4,3.6,Medium,2.8,0.158489606,110.8844,2,Lowland,4,High,Moderate Risk,8,2,Low,0.9333333333,Medium,2.8,0.158489606,110.8844,2,Lowland,6,Severe,Moderate Risk,12,2,Low,0.9333333333,Medium,2.9,0.47,277.095,3,Lowland,4,Severe,Moderate Risk,8,2,Low,1.0,Medium,2.4,0.0177326,10.44,1,Lowland,3,Low,Low Risk,6,2,Low,0.8,Medium,2.4,0.0177,10.4447,1,Lowland,2,Low,Moderate Risk,4,2,Low,0.8,3.4,Yes,4,No,No,Yes,Yes,Yes,3,Yes,Yes,Yes,4,Yes,Yes,Yes,3,Yes,Yes,3,0.0,0.0,0,0,0,0,2.91,8.01,0,8.2,983.9999999999999,0.45,4.0,0,1,0.65,3,1.0,1,2.25,Medium,2.125,29.03,2,Lowland,0.0,2,Low,Moderate Risk,4,2,Low,0.6071428571428571,Medium High,3.625,29.03,5,Lowland,0.8587,3,Very High Risk,12,4,Medium Low,1.0357142857142858,Medium High,3.625,29.03,5,Lowland,0.8587,2,Very High Risk,8,4,Medium Low,1.0357142857142858,3.0,Yes,Yes,Yes,Yes,Yes,Yes,Yes,3,Yes,No,No,No,Yes,Yes,Yes,Yes,Yes,No,No,3,Yes,Yes,Yes,3,Yes,Yes,Yes,Yes,3,No,Yes,Yes,Yes,No,3.0,Yes,Yes,Yes,Yes,3,6000000,No,No,No,No,Yes,No,No,No,No,No,No,No,No,89,699.632,0.64,5,0.25,1,0.9536507936507937,1,0.44999999999999996,4,0.17800000000000002,2,0.5108038029386344,4,2.8333333333333335,Medium,2.416666666666667,110.88440000000001,0.15848960596427838,2,Upland,4,Severe,Very High Risk,16.0,4.0,Low,0.8055555555555557,Medium,2.1,110.88440000000001,0.15848960596427838,2,Upland,6,Severe,Low Risk,6.0,1.0,Low,0.7000000000000001,Medium,2.666666666666667,277.09,0.4704,2,Upland,3,Low,Very High Risk,12,4,Low,0.888888888888889,Medium,2.1,10.44,0.0177,1,Upland,3,Low,Low Risk,3,1,Low,0.7000000000000001,Medium,2.1,10.44,0.0175,1,Upland,2,Low,Very High Risk,3,1,Low,0.7000000000000001
Bitan-Agan,Bitan-Agan,3.0,Yes,Yes,Yes,Yes,Yes,Yes,Yes,3,No,Yes,No,Yes,No,Yes,Yes,Yes,Yes,Yes,No,Yes,3,Yes,Yes,Yes,3,Yes,Yes,Yes,Yes,3,No,Yes,Yes,Yes,No,3.0,Yes,Yes,Yes,Yes,3,604.8697,119700.0,260,Rice,260,2,0.05951695051,2,0.0482578314,1.0,0.075,4,0.45,4,2.6,Medium,2.8,0.2550770852,154.2884,3,Upland,4,Low,High Risk,12,3,Low,0.9333333333,Medium,2.8,0.2550770852,154.2884,3,Upland,6,Slight,High Risk,18,3,Low,0.9333333333,Medium,2.6,0.43,247.688,3,Upland,4,Slight,High Risk,12,3,Low,0.9,,,,,,,,,,,,,,,,,,,,,,,,,,,,,,,,,,,,,,,,,,,,,,,,,,,,,,,,,,,,,,,,,,,,,,,,,,,,,,,,,,,,,,,,,,,,,,,,,,,,,,,,3.0,Yes,Yes,Yes,Yes,Yes,Yes,Yes,3,Yes,No,Yes,No,Yes,Yes,Yes,Yes,Yes,No,Yes,3,Yes,Yes,Yes,3,Yes,Yes,Yes,Yes,3,No,Yes,Yes,Yes,No,3.0,Yes,Yes,Yes,Yes,3,775000,No,No,No,No,No,No,No,No,No,Yes,No,No,No,280,604.8697,0.42,4,0.35,2,1.0,1,0.44999999999999996,4,0.56,4,0.6653193209377526,5,3.3333333333333335,Medium High,3.166666666666667,154.2884,0.25507708519702676,3,Upland,4,Slight,Moderate Risk,8.0,2.0,Medium Low,1.0555555555555556,Medium,2.6,154.2884,0.25507708519702676,3,Upland,6,Slight,Moderate Risk,12.0,2.0,Low,0.8666666666666667,Medium High,3.333333333333333,247.68,0.4302,3,Upland,3,Moderate,Very High Risk,12,4,Medium Low,1.111111111111111,,,,,,,,,,,,,,,,,,,,,,,,,,
Bobon,Bobon,3.0,Yes,Yes,Yes,Yes,Yes,Yes,Yes,3,No,Yes,No,Yes,No,Yes,Yes,Yes,Yes,Yes,No,Yes,3,Yes,Yes,Yes,3,Yes,Yes,Yes,Yes,3,No,Yes,Yes,Yes,No,3.0,Yes,Yes,Yes,Yes,3,425.66,292200.0,150,Rice,150,3,0.2561903867,3,0.4188977118,4.0,0.075,4,0.45,4,3.6,High,4.3,0.5811031786,247.352379,5,Lowland,4,Moderate,High Risk,16,4,Medium Low,1.433333333,High,4.3,0.5811031786,247.352379,5,Lowland,6,Moderate,Very High Risk,24,4,Medium Low,1.433333333,,,,,,,,,,,,,,Medium High,4.0,0.642898,159.02,4,Lowland,3,Moderate,Moderate Risk,12,4,Medium Low,1.3,Medium High,4.0,0.6429,159.022,4,Lowland,2,Moderate,Very High Risk,8,4,Medium Low,1.3,3.4,Yes,4,No,No,Yes,Yes,Yes,3,Yes,Yes,Yes,4,Yes,Yes,Yes,3,Yes,Yes,3,0.0,0.0,0,0,0,2,18.32,4.01,2,8.2,983.9999999999999,0.45,4.0,0,1,0.78,4,1.0,1,2.5,,,,,,,,,,,,,,Medium High,3.75,4.78,5,Lowland,0.6897,3,Very High Risk,12,4,Medium Low,1.0714285714285714,Medium High,3.75,4.78,5,Lowland,0.6897,2,Very High Risk,8,4,Medium Low,1.0714285714285714,,,,,,,,,,,,,,,,,,,,,,,,,,,,,,,,,,,,,,,,,,,,,,,,,,,,,,,,,,,,,,,,,,,,,,,,,,,,,,,,,,,,,,,,,,,,,,,,,,,,,,,,,,,,,,,,,,,,,,,,,,,,,,,,,,,,,,,
Bonbon,Bonbon,3.0,Yes,Yes,Yes,Yes,Yes,Yes,Yes,3,No,Yes,No,No,No,Yes,Yes,Yes,Yes,Yes,No,Yes,3,Yes,Yes,Yes,3,Yes,Yes,Yes,Yes,3,No,Yes,Yes,Yes,No,3.0,Yes,Yes,Yes,Yes,3,709.829,166033.2378,78,Rice,78,1,0.1005876063,2,0.1697282021,3.0,0.05157593123,4,0.4,4,2.8,Medium High,3.4,0.4477212117,317.8055,4,Lowland,4,Moderate,High Risk,16,4,Medium Low,1.133333333,Medium High,3.4,0.4477212117,317.8055,4,Lowland,6,Moderate,Very High Risk,24,4,Medium Low,1.133333333,Medium,2.8,0.21,123.889,3,Lowland,4,Moderate,Very High Risk,16,4,Low,0.9,Medium,2.8,0.195459,115.19,2,Lowland,3,Moderate,Moderate Risk,12,4,Low,0.9,Medium,2.8,0.1955,115.194,2,Lowland,2,Moderate,Very High Risk,8,4,Low,0.9,,,,,,,,,,,,,,,,,,,,,,,,,,,,,,,,,,,,,,,,,,,,,,,,,,,,,,,,,,,,,,,,,,,,,,,,,,,,,,,,,,,,,,,,,,,,,,,,,,,,,,,,,,,,,,,,,,,,,,,,,,,,,,,,,,,,,,,,,,,,,,,,,,,,,,,,,,,,,,,,,,,,,,,,,,,,,,,,,,,,,,,,,,,,,,,,,,,,,,,,,,,,,,,,,,,,
Bugsukan,Bugsukan,2.666666667,Yes,Yes,Yes,Yes,Yes,Yes,Yes,3,No,No,No,No,No,No,No,No,No,No,No,No,3,Yes,Yes,Yes,3,Yes,Yes,Yes,Yes,3,No,Yes,Yes,No,No,,Yes,No,No,No,4,177.917,30000.0,200,Coconut,200,3,0.161873233,3,1.0,5.0,0.0,5,0.45,4,4.0,Medium High,3.5,0.1973883397,21.5145,3,Upland,4,Low,Moderate Risk,8,2,Medium Low,1.3125,Medium High,3.5,0.1973883397,21.5145,3,Upland,6,Slight,Moderate Risk,12,2,Medium Low,1.3125,Medium High,3.7,0.66,116.715,4,Upland,4,Slight,Moderate Risk,8,2,Medium Low,1.4,,,,,,,,,,,,,,,,,,,,,,,,,,,,,,,,,,,,,,,,,,,,,,,,,,,,,,,,,,,,,,,,,,,,,,,,,,,,,,,,,,,,,,,,,,,,,,,,,,,,,,,,,,,,,,,,,,,,,,,,,,,,,,,,,,,,,,,,,,,,,,,,,,,,,,,,,,,,,,,,,,,,,,,,,,,,,,,,,,,,,,,,,,,,,,,,,,,,,,,,,,,,,,,,,,,,,,,,,,,,,,,,,,,,,,,,,,,,,,
Buhangin,Buhangin,3.0,Yes,Yes,Yes,Yes,Yes,Yes,Yes,3,No,No,No,No,No,Yes,Yes,No,No,No,No,No,3,Yes,Yes,Yes,3,Yes,Yes,Yes,Yes,3,No,Yes,Yes,Yes,No,3.0,Yes,Yes,Yes,Yes,3,108.9958,49950.0,29,Rice,29,1,0.2642303648,3,0.3716473479,4.0,0.09375,4,0.3,3,3.0,Medium High,3.5,0.384942417,68.4878,4,Lowland,4,Low,High Risk,12,3,Medium Low,1.166666667,Medium High,3.5,0.384942417,68.4878,4,Lowland,6,Slight,High Risk,18,3,Medium Low,1.166666667,,,,,,,,,,,,,,Medium,2.9,0.273818,18.75,2,Lowland,3,Low,Moderate Risk,9,3,Low,1.0,Medium,2.9,0.2738,18.7532,2,Lowland,2,Low,High Risk,6,3,Low,1.0,,,,,,,,,,,,,,,,,,,,,,,,,,,,,,,,,,,,,,,,,,,,,,,,,,,,,,,,,,,,,,,,,,,,,,,,,,,,,,,,,,,,,,,,,,,,,,,,,,,,,,,,,,,,,,,,,,,,,,,,,,,,,,,,,,,,,,,,,,,,,,,,,,,,,,,,,,,,,,,,,,,,,,,,,,,,,,,,,,,,,,,,,,,,,,,,,,,,,,,,,,,,,,,,,,,,
Cabcabon,Cabcabon,3.0,Yes,Yes,Yes,Yes,Yes,Yes,Yes,3,No,No,Yes,No,No,Yes,Yes,No,No,Yes,No,Yes,3,Yes,Yes,Yes,3,Yes,Yes,Yes,Yes,3,No,Yes,Yes,Yes,No,3.0,Yes,Yes,Yes,Yes,3,690.814,68619.32773,300,Rice,300,3,0.1033563304,2,0.1831925815,3.0,0.03781512605,5,0.45,4,3.4,High,4.2,0.7900996506,545.8119,5,Lowland,4,Moderate,High Risk,16,4,Medium Low,1.4,High,4.2,0.7900996506,545.8119,5,Lowland,6,Moderate,Very High Risk,24,4,Medium Low,1.4,Medium Low,1.9,0.03,18.4492,1,Lowland,4,Moderate,Very High Risk,16,4,Low,0.6,Medium,2.3,0.0645236,36.41,1,Lowland,3,Low,Moderate Risk,12,4,Low,0.8,Medium,2.3,0.0645,36.4082,1,Lowland,2,Low,Very High Risk,8,4,Low,0.8,3.4,Yes,4,No,No,Yes,Yes,Yes,3,Yes,Yes,Yes,4,Yes,Yes,Yes,3,Yes,Yes,3,0.0,0.0,0,0,0,5,9.43,0.0,5,7.4,888.0,0.45,4.0,0,1,0.65,3,1.0,1,2.25,Medium Low,1.625,6.24,1,Lowland,0.1374,2,Low,Moderate Risk,4,2,Low,0.4642857142857143,Medium High,3.125,6.24,4,Lowland,0.0194,3,Low Risk,3,1,Low,0.8928571428571429,Medium Low,1.625,6.24,1,Lowland,0.0194,2,Low Risk,2,1,Low,0.4642857142857143,3.0,Yes,Yes,Yes,Yes,Yes,Yes,Yes,3,No,Yes,No,No,Yes,Yes,No,No,Yes,No,Yes,3,Yes,Yes,Yes,3,Yes,Yes,Yes,Yes,3,No,Yes,Yes,Yes,No,3.0,Yes,Yes,Yes,Yes,3,8000000,No,No,No,No,No,No,No,No,No,Yes,Yes,No,No,300,690.814,0.53,5,0.33999999999999997,2,0.9070872947277442,1,0.44999999999999996,4,0.3,3,0.5703155434359174,4,3.1666666666666665,High,4.083333333333333,545.8118999999999,0.7900996505571687,5,Lowland,4,Moderate,High Risk,12.0,3.0,Medium Low,1.361111111111111,Medium High,3.7,545.8118999999999,0.7900996505571687,5,Lowland,6,Moderate,High Risk,18.0,3.0,Medium Low,1.2333333333333334,High,4.416666666666667,18.44,0.0326,5,Lowland,3,Low,Low Risk,3,1,Medium Low,1.4722222222222223,Medium High,3.7,36.41,0.0645,1,Lowland,3,Low,Low Risk,3,1,Medium Low,1.2333333333333334,Medium High,3.7,36.41,0.0625,1,Lowland,2,Low,Very High Risk,3,1,Medium Low,1.2333333333333334
Camayahan,Camayahan,3.0,Yes,Yes,Yes,Yes,Yes,Yes,Yes,3,No,No,No,No,No,Yes,Yes,No,Yes,Yes,No,Yes,3,Yes,Yes,Yes,3,Yes,Yes,Yes,Yes,3,No,Yes,No,Yes,No,3.0,Yes,Yes,Yes,Yes,3,463.7188,62694.84029,510,Rice,510,4,0.1316530622,2,0.1577179963,3.0,0.0,5,0.45,4,3.6,Medium High,3.3,0.2746815527,127.375,3,Lowland,4,Low,High Risk,12,3,Medium Low,1.1,Medium High,3.3,0.2746815527,127.375,3,Lowland,6,Slight,High Risk,18,3,Medium Low,1.1,Medium,2.9,0.34,134.474,3,Lowland,4,Slight,High Risk,12,3,Low,1.0,,,,,,,,,,,,,,,,,,,,,,,,,,,,,,,,,,,,,,,,,,,,,,,,,,,,,,,,,,,,,,,,,,,,,,,,,,,,,,,,,,,,,,,,,,,,,,,,,,,,,,,,,,,,,,,,,,,,,,,,,,,,,,,,,,,,,,,,,,,,,,,,,,,,,,,,,,,,,,,,,,,,,,,,,,,,,,,,,,,,,,,,,,,,,,,,,,,,,,,,,,,,,,,,,,,,,,,,,,,,,,,,,,,,,,,,,,,,,,
Dankias,Dankias,3.0,Yes,Yes,Yes,Yes,Yes,Yes,Yes,3,No,Yes,No,No,Yes,Yes,Yes,Yes,Yes,Yes,Yes,Yes,3,Yes,Yes,Yes,3,Yes,Yes,Yes,Yes,3,No,Yes,No,Yes,No,3.0,Yes,Yes,Yes,Yes,3,924.409,52838.70968,200,Rice,200,2,0.06036289132,2,0.2855597468,3.0,0.0,5,0.45,4,3.2,Medium High,3.6,0.3683125867,340.47147,4,Lowland,4,Low,High Risk,12,3,Medium Low,1.2,Medium High,3.6,0.3683125867,340.47147,4,Lowland,6,Slight,High Risk,18,3,Medium Low,1.2,Medium Low,1.9,0.1,64.9899,1,Lowland,4,Slight,High Risk,12,3,Low,0.6,Medium,2.2,0.0208346,13.76,1,Lowland,3,Moderate,Moderate Risk,9,3,Low,0.7,Medium,2.2,0.0208,13.7599,1,Lowland,2,Moderate,High Risk,6,3,Low,0.7,,,,,,,,,,,,,,,,,,,,,,,,,,,,,,,,,,,,,,,,,,,,,,,,,,,,,,,,,,,,,,,,,,,,,,,,,,,,,,,,,,,,,,,,,,,,,,,,,,,,,,,,,,,,,,,,,,,,,,,,,,,,,,,,,,,,,,,,,,,,,,,,,,,,,,,,,,,,,,,,,,,,,,,,,,,,,,,,,,,,,,,,,,,,,,,,,,,,,,,,,,,,,,,,,,,,
De Oro,De Oro,2.666666667,Yes,Yes,Yes,Yes,Yes,Yes,Yes,3,No,Yes,No,No,No,Yes,Yes,Yes,Yes,Yes,No,Yes,3,Yes,Yes,Yes,3,Yes,Yes,Yes,Yes,3,No,Yes,No,No,No,,Yes,No,No,No,4,315.459,84960.0,380,Coconut,380,5,0.1901990433,3,0.0,0.0,0.0,5,0.45,4,3.4,Medium,2.2,0.07813598598,24.6487,1,Upland,4,Low,Low Risk,4,1,Low,0.825,Medium,2.2,0.07813598598,24.6487,1,Upland,6,Slight,Low Risk,6,1,Low,0.825,Medium High,3.2,0.56,176.708,4,Upland,4,Slight,Low Risk,4,1,Medium Low,1.2,,,,,,,,,,,,,,,,,,,,,,,,,,,,,,,,,,,,,,,,,,,,,,,,,,,,,,,,,,,,,,,,,,,,,,,,,,,,,,,,,,,,,,,,,,,,,,,,,,,,,,,,,,,,,,,,,,,,,,,,,,,,,,,,,,,,,,,,,,,,,,,,,,,,,,,,,,,,,,,,,,,,,,,,,,,,,,,,,,,,,,,,,,,,,,,,,,,,,,,,,,,,,,,,,,,,,,,,,,,,,,,,,,,,,,,,,,,,,,
Don Francisco,Don Francisco,3.0,Yes,Yes,Yes,Yes,Yes,Yes,Yes,3,No,No,No,No,No,No,No,No,No,Yes,No,No,3,Yes,Yes,Yes,3,Yes,Yes,Yes,Yes,3,Yes,No,Yes,No,No,2.0,Yes,No,No,No,4,151.448,8092.307692,80,Banana,80,3,0.07725423908,2,1.0,5.0,0.2307692308,3,0.45,4,3.4,Medium,2.2,0.04608270165,6.979133,1,Upland,4,Low,Low Risk,4,1,Low,0.7333333333,Medium,2.2,0.04608270165,6.979133,1,Upland,6,Slight,Low Risk,6,1,Low,0.7333333333,Medium High,3.4,0.57,86.5074,4,Upland,4,Slight,Low Risk,4,1,Medium Low,1.1,,,,,,,,,,,,,,,,,,,,,,,,,,,,,,,,,,,,,,,,,,,,,,,,,,,,,,,,,,,,,,,,,,,,,,,,,,,,,,,,,,,,,,,,,,,,,,,,,,,,,,,,3.0,Yes,Yes,Yes,Yes,Yes,Yes,Yes,3,No,No,No,No,No,No,No,No,Yes,No,No,3,Yes,Yes,Yes,3,Yes,Yes,Yes,Yes,3,Yes,No,Yes,No,No,2.0,Yes,No,No,No,4,130000,No,No,No,No,No,No,No,No,No,Yes,No,No,No,95,151.448,0.43,4,0.44999999999999996,3,1.0,1,0.44999999999999996,4,0.19,2,0.47914614121510674,4,3.0,Medium Low,2.0,6.979133,0.04608270165337277,1,Upland,4,Slight,High Risk,12.0,3.0,Low,0.6666666666666666,Medium Low,1.7,6.979133,0.04608270165337277,1,Upland,6,Slight,Low Risk,6.0,1.0,Low,0.5666666666666667,Medium,2.5,86.51,0.5712,1,Upland,3,Moderate,Very High Risk,12,4,Low,0.8333333333333334,,,,,,,,,,,,,,,,,,,,,,,,,,
Doongan,Doongan,3.0,Yes,Yes,Yes,Yes,Yes,Yes,Yes,3,No,No,No,No,No,Yes,Yes,No,No,No,No,No,3,Yes,Yes,Yes,3,Yes,Yes,Yes,Yes,3,No,Yes,No,Yes,No,3.0,Yes,Yes,Yes,Yes,3,215.767,20991.5493,50,Rice,50,1,0.2467939954,3,0.4620539749,4.0,0.0,5,0.45,4,3.4,High,4.2,1.0,215.767,5,Lowland,4,High,High Risk,16,4,Medium Low,1.4,High,4.2,1.0,215.767,5,Lowland,6,Severe,Very High Risk,24,4,Medium Low,1.4,,,,,,,,,,,,,,Medium High,3.3,0.467161,54.22,3,Lowland,3,Moderate,Moderate Risk,12,4,Medium Low,1.1,Medium High,3.3,0.4672,54.2238,3,Lowland,2,Moderate,Very High Risk,8,4,Medium Low,1.1,,,,,,,,,,,,,,,,,,,,,,,,,,,,,,,,,,,,,,,,,,,,,,,,,,,,,,,,,,,,,,,,,,,,,,,,,,,,,,,,,,,,,,,,,,,,,,,,,,,,,,,,,,,,,,,,,,,,,,,,,,,,,,,,,,,,,,,,,,,,,,,,,,,,,,,,,,,,,,,,,,,,,,,,,,,,,,,,,,,,,,,,,,,,,,,,,,,,,,,,,,,,,,,,,,,,
Dulag,Dulag,3.0,Yes,Yes,Yes,Yes,Yes,Yes,Yes,3,No,No,Yes,No,No,Yes,Yes,No,Yes,No,No,No,3,Yes,Yes,Yes,3,Yes,Yes,Yes,Yes,3,No,Yes,Yes,Yes,No,3.0,Yes,Yes,Yes,Yes,3,69.43,86040.0,150,Rice,150,2,0.5185078496,5,0.0,3.0,0.075,4,0.45,4,3.6,Medium Low,1.8,0.0,0.0,0,Upland,4,Low,Low Risk,4,1,Low,0.6,Medium Low,1.8,0.0,0.0,0,Upland,6,Slight,Low Risk,6,1,Low,0.6,,,,,,,,,,,,,,,,,,,,,,,,,,,,,,,,,,,,,,,,,,,,,,,,,,,,,,,,,,,,,,,,,,,,,,,,,,,,,,,,,,,,,,,,,,,,,,,,,,,,,,,,,,,,,,,,,,,,,,,,,,,,,,,,,,,,,,,,,,,,,,,,,,,,,,,,,,,,,,,,,,,,,,,,,,,,,,,,,,,,,,,,,,,,,,,,,,,,,,,,,,,,,,,,,,,,,,,,,,,,,,,,,,,,,,,,,,,,,,,,,,,,,,,,,,,
Dumalagan,Dumalagan,3.0,Yes,Yes,Yes,Yes,Yes,Yes,Yes,3,No,Yes,No,Yes,No,No,No,Yes,No,Yes,Yes,No,3,Yes,Yes,Yes,3,Yes,Yes,Yes,Yes,3,No,Yes,No,Yes,No,3.0,Yes,Yes,Yes,Yes,3,375.685,49539.63384,85,Rice,85,2,0.161385203,3,0.1901140583,3.0,0.0445324097,5,0.45,4,3.4,Medium,2.7,0.1244963733,46.77142,2,Lowland,4,Low,Moderate Risk,8,2,Low,0.9,Medium,2.7,0.1244963733,46.77142,2,Lowland,6,Slight,Moderate Risk,12,2,Low,0.9,Medium High,4.0,0.78,238.205,5,Lowland,4,Slight,Moderate Risk,8,2,Medium Low,1.3,Medium,2.5,0.0176786,5.38,1,Lowland,3,High,Low Risk,6,2,Low,0.8,Medium,2.5,0.0177,5.37892,1,Lowland,2,High,Moderate Risk,4,2,Low,0.8,,,,,,,,,,,,,,,,,,,,,,,,,,,,,,,,,,,,,,,,,,,,,,,,,,,,,,,,,,,,,,,,,,,,,,,,,,,,,,,,,,,,,,,,,,,,,,,,,,,,,,,,,,,,,,,,,,,,,,,,,,,,,,,,,,,,,,,,,,,,,,,,,,,,,,,,,,,,,,,,,,,,,,,,,,,,,,,,,,,,,,,,,,,,,,,,,,,,,,,,,,,,,,,,,,,,
Florida,Florida,3.333333333,Yes,Yes,Yes,Yes,Yes,Yes,Yes,3,No,Yes,No,No,No,Yes,Yes,No,Yes,Yes,No,Yes,3,Yes,Yes,Yes,3,Yes,Yes,Yes,Yes,3,Yes,No,No,No,Yes,4.0,Yes,No,No,No,4,1995.437,17222.85714,400,Coconut,400,2,0.03157203159,1,0.156049527,3.0,0.04285714286,5,0.45,4,3.0,Medium,3.0,0.1839367016,367.0341,3,Upland,4,Low,Moderate Risk,8,2,Low,0.9,Medium,3.0,0.1839367016,367.0341,3,Upland,6,Slight,Moderate Risk,12,2,Low,0.9,Medium High,3.3,0.53,890.967,4,Upland,4,Slight,Moderate Risk,8,2,Low,1.0,Medium,2.2,0.000899837,1.52,1,Upland,3,Low,Low Risk,6,2,Low,0.7,Medium,2.2,0.0009,1.51537,1,Upland,2,Low,Moderate Risk,4,2,Low,0.7,3.4,Yes,4,No,No,Yes,Yes,Yes,3,Yes,Yes,Yes,4,Yes,Yes,Yes,3,Yes,Yes,3,0.0,0.0,0,0,0,78,3.75,0.0,78,8.11,973.1999999999999,0.45,4.0,0,1,0.6,3,1.0,1,2.25,,,,,,,,,,,,,,Medium High,3.625,40.76,5,Upland,0.7004,3,Very High Risk,12,4,Medium Low,1.0357142857142858,Medium Low,1.625,40.76,1,Upland,0.02,2,Low Risk,2,1,Low,0.4642857142857143,3.3333333333333335,Yes,Yes,Yes,Yes,Yes,Yes,Yes,3,Yes,No,No,No,Yes,Yes,No,Yes,Yes,No,Yes,3,Yes,Yes,Yes,3,Yes,Yes,Yes,Yes,3,Yes,No,No,No,Yes,4.0,Yes,No,No,No,4,350000,No,No,No,No,No,No,No,No,No,Yes,No,No,No,500,1995.437,0.45,4,0.41000000000000003,3,1.0,1,0.44999999999999996,4,0.5,5,0.5384770346494763,5,3.6666666666666665,Medium High,3.333333333333333,367.03409999999997,0.1839367015846654,3,Upland,4,Slight,Low Risk,3.076954069298952,0.769238517324738,Low,0.9999999999999999,Medium,2.7,367.03409999999997,0.1839367015846654,3,Upland,6,Slight,Low Risk,4.045431103948429,0.6742385173247382,Low,0.81,Medium High,3.6666666666666665,890.97,0.5291,3,Upland,3,Low,Very High Risk,12,4,Medium Low,1.0999999999999999,Medium,2.7,5.49,0.0033,1,Upland,3,High,Low Risk,3,1,Low,0.81,Medium,2.7,5.49,0.0035,1,Upland,2,High,Low Risk,3,1,Low,0.81
Kinamlutan,Kinamlutan,3.0,Yes,Yes,Yes,Yes,Yes,Yes,Yes,3,No,Yes,No,No,No,Yes,Yes,Yes,Yes,Yes,No,Yes,3,Yes,Yes,Yes,3,Yes,Yes,Yes,Yes,3,No,Yes,No,Yes,No,3.0,Yes,Yes,Yes,Yes,3,696.036,125375.0688,260,Rice,260,2,0.344378739,4,0.0001636299925,0.0,0.0112640801,5,0.45,4,3.0,Medium,2.5,0.1532154084,106.64344,2,Lowland,4,High,Moderate Risk,8,2,Low,0.8333333333,Medium,2.5,0.1532154084,106.64344,2,Lowland,6,Severe,Moderate Risk,12,2,Low,0.8333333333,Medium,2.8,0.38,79.015,3,Lowland,4,Severe,Moderate Risk,8,2,Low,0.9,Medium,2.7,0.173819,36.35,2,Lowland,3,Moderate,Low Risk,6,2,Low,0.9,Medium,2.7,0.17379999999999998,36.3527,2,Lowland,2,Moderate,Moderate Risk,4,2,Low,0.9,3.4,Yes,4,No,No,Yes,Yes,Yes,3,Yes,Yes,Yes,4,Yes,Yes,Yes,3,Yes,Yes,3,0.0,0.0,0,0,0,35,75.69,10.03,35,7.9,948.0,0.45,4.0,0,1,0.75,4,1.0,1,2.5,,,,,,,,,,,,,,Medium High,3.75,0.57,5,Lowland,0.1342,3,Moderate Risk,6,2,Medium Low,1.0714285714285714,Medium,2.25,0.57,2,Lowland,0.1342,2,Moderate Risk,4,2,Low,0.6428571428571429,3.0,Yes,Yes,Yes,Yes,Yes,Yes,Yes,3,Yes,No,No,No,Yes,Yes,Yes,Yes,Yes,No,Yes,3,Yes,Yes,Yes,3,Yes,Yes,Yes,Yes,3,No,Yes,No,Yes,No,3.0,Yes,Yes,Yes,Yes,3,2700000,No,No,No,No,No,No,No,Yes,No,No,No,No,No,360,696.036,0.6,5,0.36,2,1.0,1,0.44999999999999996,4,0.36,4,0.44053464266230224,4,3.3333333333333335,Medium,2.666666666666667,106.64344000000001,0.15321540839841621,2,Lowland,4,Severe,Low Risk,2.6588470631023826,0.6647117657755957,Low,0.888888888888889,Medium,2.2,106.64344000000001,0.15321540839841621,2,Lowland,6,Severe,Low Risk,3.5216039279869067,0.5869339879978178,Low,0.7333333333333334,Medium High,3.1666666666666665,79.01,0.3778,2,Lowland,3,Low,High Risk,9,3,Medium Low,1.0555555555555556,Medium,2.2,36.35,0.1738,1,Lowland,3,Moderate,Low Risk,6,2,Low,0.7333333333333334,Medium,2.2,36.35,0.169,1,Lowland,2,Moderate,Low Risk,6,2,Low,0.7333333333333334
Lemon,Lemon,3.0,Yes,Yes,Yes,Yes,Yes,Yes,Yes,3,No,Yes,No,No,Yes,Yes,Yes,Yes,Yes,Yes,No,Yes,3,Yes,Yes,Yes,3,Yes,Yes,Yes,Yes,3,No,Yes,No,Yes,No,3.0,Yes,Yes,Yes,Yes,3,518.54,90666.66667,197,Rice,197,2,0.460813052,4,0.001449993635,0.0,0.0,5,0.45,4,3.0,Medium,3.0,0.2618814363,135.796,3,Lowland,4,Low,High Risk,12,3,Low,1.0,Medium,3.0,0.2618814363,135.796,3,Lowland,6,Slight,High Risk,18,3,Low,1.0,,,,,,,,,,,,,,,,,,,,,,,,,,,,,,,,,,,,,,,,,,,,,,,,,,,,,,,,,,,,,,,,,,,,,,,,,,,,,,,,,,,,,,,,,,,,,,,,,,,,,,,,,,,,,,,,,,,,,3.0,Yes,Yes,Yes,Yes,Yes,Yes,Yes,3,Yes,No,No,Yes,Yes,Yes,Yes,Yes,Yes,No,Yes,3,Yes,Yes,Yes,3,Yes,Yes,Yes,Yes,3,No,Yes,No,Yes,No,3.0,Yes,Yes,Yes,Yes,3,832500,No,No,No,Yes,No,No,No,No,Yes,No,No,No,No,220,518.54,0.539186947969298,5,0.21999999999999997,1,0.894736842105263,1,0.44999999999999996,4,0.33,4,0.3979591836734694,4,3.1666666666666665,Medium High,3.083333333333333,135.796,0.2618814363404945,3,Lowland,4,Slight,Very High Risk,16.0,4.0,Medium Low,1.0277777777777777,Medium,2.6,135.796,0.2618814363404945,3,Lowland,6,Slight,Low Risk,3.7938775510204086,0.6323129251700681,Low,0.8666666666666667,,,,,,,,,,,,,,,,,,,,,,,,,,,,,,,,,,,,,,,
Libertad,Libertad,3.0,Yes,Yes,Yes,Yes,Yes,Yes,Yes,3,No,Yes,No,No,No,Yes,Yes,Yes,Yes,Yes,No,Yes,3,Yes,Yes,Yes,3,Yes,Yes,Yes,Yes,3,No,Yes,No,Yes,No,3.0,Yes,Yes,Yes,Yes,3,390.368,121664.9043,241,Rice,241,2,0.4215253299,4,0.002561685384,0.0,0.0,5,0.45,4,3.0,Medium High,4.0,0.6376263679,248.90893,5,Lowland,4,High,High Risk,16,4,Medium Low,1.333333333,Medium High,4.0,0.6376263679,248.90893,5,Lowland,6,Severe,Very High Risk,24,4,Medium Low,1.333333333,Medium Low,1.8,0.12,34.0027,1,Lowland,4,Severe,Very High Risk,16,4,Low,0.6,,,,,,,,,,,,,,,,,,,,,,,,,,,3.4,Yes,4,No,No,Yes,Yes,Yes,3,Yes,Yes,Yes,4,Yes,Yes,Yes,3,Yes,Yes,3,0.0,0.0,0,0,0,58,61.06,57.23,58,7.9,948.0,0.45,4.0,0,1,0.74,3,1.0,1,2.25,,,,,,,,,,,,,,Medium High,3.625,11.14,5,Lowland,0.9837,3,Very High Risk,12,4,Medium Low,1.0357142857142858,Medium High,3.625,11.14,5,Lowland,0.9837,2,Very High Risk,8,4,Medium Low,1.0357142857142858,3.0,Yes,Yes,Yes,Yes,Yes,Yes,Yes,3,Yes,No,No,No,Yes,Yes,Yes,Yes,Yes,No,Yes,3,Yes,Yes,Yes,3,Yes,Yes,Yes,Yes,3,No,Yes,No,Yes,No,3.0,Yes,Yes,Yes,Yes,3,1509000,No,No,No,Yes,No,No,No,Yes,No,No,No,No,No,1150,390.368,0.68,5,0.19999999999999996,1,0.732564601278133,2,0.44999999999999996,4,0.46,4,0.1372140409372974,2,3.0,Medium High,4.0,248.90893,0.637626367939995,5,Lowland,4,Severe,Very High Risk,16.0,4.0,Medium Low,1.3333333333333333,Medium High,3.7,248.90893,0.637626367939995,5,Lowland,6,Severe,Low Risk,4.111642122811892,0.6852736871353153,Medium Low,1.2333333333333334,High,4.666666666666666,34.0,0.1171,5,Lowland,3,Low,Moderate Risk,6,2,Medium Low,1.5555555555555554,Medium High,3.7,107.15,0.3692,2,Lowland,3,Moderate,Moderate Risk,9,3,Medium Low,1.2333333333333334,Medium High,3.7,107.15,0.3722,2,Lowland,2,Moderate,Low Risk,9,3,Medium Low,1.2333333333333334
Los Angeles,Los Angeles,3.0,Yes,Yes,Yes,Yes,Yes,Yes,Yes,3,No,Yes,No,No,No,Yes,Yes,Yes,Yes,Yes,No,Yes,3,Yes,Yes,Yes,3,Yes,Yes,Yes,Yes,3,No,Yes,No,Yes,No,3.0,Yes,Yes,Yes,Yes,3,1513.254,116150.6258,700,Rice,700,3,0.2882926462,3,0.4245063948,4.0,0.00618896988,5,0.45,4,3.8,Medium High,3.4,0.2577881836,390.099,3,Lowland,4,Low,High Risk,12,3,Medium Low,1.133333333,Medium High,3.4,0.2577881836,390.099,3,Lowland,6,Slight,High Risk,18,3,Medium Low,1.133333333,Medium High,3.1,0.37,322.187,3,Lowland,4,Slight,High Risk,12,3,Medium Low,1.0,,,,,,,,,,,,,,,,,,,,,,,,,,,,,,,,,,,,,,,,,,,,,,,,,,,,,,,,,,,,,,,,,,,,,,,,,,,,,,,,,,,,,,,,,,,,,,,,,,,,,,,,3.0,Yes,Yes,Yes,Yes,Yes,Yes,Yes,3,Yes,No,No,No,Yes,Yes,Yes,Yes,Yes,No,Yes,3,Yes,Yes,Yes,3,Yes,Yes,Yes,Yes,3,No,Yes,No,Yes,No,3.0,Yes,Yes,Yes,Yes,3,3400000,No,No,No,No,No,Yes,No,No,No,No,Yes,No,No,830,1513.254,0.58,5,0.20599999999999996,2,1.0,1,0.44999999999999996,4,0.415,4,0.5305299539170507,5,3.5,Medium High,3.25,390.099,0.25778818360962535,3,Lowland,4,Slight,Very High Risk,16.0,4.0,Medium Low,1.0833333333333333,Medium,2.7,390.099,0.25778818360962535,3,Lowland,6,Slight,Low Risk,4.291589861751152,0.7152649769585253,Low,0.9,Medium High,4.0,322.18,0.3699,3,Lowland,3,Low,High Risk,9,3,Medium Low,1.3333333333333333,,,,,,,,,,,,,,,,,,,,,,,,,,
Lumbocan,Lumbocan,3.333333333,Yes,Yes,Yes,Yes,Yes,Yes,Yes,3,No,No,No,No,No,No,No,No,No,No,No,No,3,Yes,Yes,Yes,3,Yes,Yes,Yes,Yes,3,Yes,No,No,No,Yes,4.0,Yes,No,No,No,4,27.0639,30000.0,320,Coconut,320,2,0.221697538,3,0.0,0.0,0.0,5,0.45,4,2.8,Medium High,3.9,0.9808638075,26.546,5,Lowland,4,High,High Risk,16,4,Medium Low,1.17,Medium High,3.9,0.9808638075,26.546,5,Lowland,6,Severe,Very High Risk,24,4,Medium Low,1.17,,,,,,,,,,,,,,Medium High,3.5,0.687011,18.59,4,Lowland,3,Moderate,Moderate Risk,12,4,Medium Low,1.1,Medium High,3.5,0.687,18.5932,4,Lowland,2,Moderate,Very High Risk,8,4,Medium Low,1.1,3.4,Yes,4,No,No,Yes,Yes,Yes,3,Yes,Yes,Yes,4,Yes,Yes,Yes,3,Yes,Yes,3,9.0,1350.0,0,0,0,588,152.04,172.88,588,0.0,0.0,0.45,4.0,0,1,0.9,5,0.85,4,3.5,,,,,,,,,,,,,,High,4.25,208.5,5,Coastal,0.9292,3,Very High Risk,12,4,Medium Low,1.2142857142857142,High,4.25,208.5,5,Coastal,0.9292,2,Very High Risk,8,4,Medium Low,1.2142857142857142,,,,,,,,,,,,,,,,,,,,,,,,,,,,,,,,,,,,,,,,,,,,,,,,,,,,,,,,,,,,,,,,,,,,,,,,,,,,,,,,,,,,,,,,,,,,,,,,,,,,,,,,,,,,,,,,,,,,,,,,,,,,,,,,,,,,,,,
Maguinda,Maguinda,3.0,Yes,Yes,Yes,Yes,Yes,Yes,Yes,3,No,Yes,No,No,No,Yes,Yes,Yes,Yes,Yes,No,Yes,3,Yes,Yes,Yes,3,Yes,Yes,Yes,Yes,3,No,Yes,No,Yes,No,3.0,Yes,Yes,Yes,Yes,3,786.22,10345.23493,750,Rice,750,5,0.09108847396,2,0.1938846633,3.0,0.0,5,0.45,4,3.8,Medium High,3.4,0.2630626288,206.8251,3,Upland,4,Low,High Risk,12,3,Medium Low,1.133333333,Medium High,3.4,0.2630626288,206.8251,3,Upland,6,Slight,High Risk,18,3,Medium Low,1.133333333,Medium High,3.4,0.61,385.761,4,Upland,4,Slight,High Risk,12,3,Medium Low,1.1,Medium,2.4,0.00290593,1.84,1,Upland,3,High,Moderate Risk,9,3,Low,0.8,Medium,2.4,0.0029,1.84173,1,Upland,2,High,High Risk,6,3,Low,0.8,,,,,,,,,,,,,,,,,,,,,,,,,,,,,,,,,,,,,,,,,,,,,,,,,,,,,,,,,,,,,,,,,,,,,,,,,,,,,,,,,,,,,,,,,,,,,,,,,,,,,,,,,,,,,,,,,,,,,,,,,,,,,,,,,,,,,,,,,,,,,,,,,,,,,,,,,,,,,,,,,,,,,,,,,,,,,,,,,,,,,,,,,,,,,,,,,,,,,,,,,,,,,,,,,,,,
Mahay,Mahay,3.0,Yes,Yes,Yes,Yes,Yes,Yes,Yes,3,No,Yes,No,No,No,Yes,Yes,Yes,Yes,Yes,No,Yes,3,Yes,Yes,Yes,3,Yes,Yes,Yes,Yes,3,No,Yes,No,Yes,No,3.0,Yes,Yes,Yes,Yes,3,431.771,75681.20301,200,Rice,200,3,0.184820194,3,0.7099133568,5.0,0.03383458647,5,0.45,4,4.0,Medium High,3.5,0.2900871064,125.2512,3,Lowland,4,Low,High Risk,12,3,Medium Low,1.166666667,Medium High,3.5,0.2900871064,125.2512,3,Lowland,6,Slight,High Risk,18,3,Medium Low,1.166666667,,,,,,,,,,,,,,Medium,3.0,0.297743,37.29,2,Lowland,3,Low,Moderate Risk,9,3,Low,1.0,Medium,3.0,0.2977,37.2926,2,Lowland,2,Low,High Risk,6,3,Low,1.0,,,,,,,,,,,,,,,,,,,,,,,,,,,,,,,,,,,,,,,,,,,,,,,,,,,,,,,,,,,,,,,,,,,,,,,,,,,,,,,,,,,,,,,,,,,,,,,,,,,,,,,,,,,,,,,,,,,,,,,,,,,,,,,,,,,,,,,,,,,,,,,,,,,,,,,,,,,,,,,,,,,,,,,,,,,,,,,,,,,,,,,,,,,,,,,,,,,,,,,,,,,,,,,,,,,,
Mahogany,Mahogany,3.0,Yes,Yes,Yes,Yes,Yes,Yes,Yes,3,No,Yes,No,No,No,Yes,Yes,Yes,Yes,Yes,No,Yes,3,Yes,Yes,Yes,3,Yes,Yes,Yes,Yes,3,No,Yes,No,Yes,No,3.0,Yes,Yes,Yes,Yes,3,80.3892,71535.6,42,Rice,42,3,0.3731844576,4,0.1819212033,3.0,0.0,5,0.1,2,3.4,High,4.2,0.8180787967,65.7647,5,Lowland,4,Low,High Risk,16,4,Medium Low,1.4,High,4.2,0.8180787967,65.7647,5,Lowland,6,Slight,Very High Risk,24,4,Medium Low,1.4,,,,,,,,,,,,,,,,,,,,,,,,,,,,,,,,,,,,,,,,,,,,,,,,,,,,,,,,,,,,,,,,,,,,,,,,,,,,,,,,,,,,,,,,,,,,,,,,,,,,,,,,,,,,,,,,,,,,,,,,,,,,,,,,,,,,,,,,,,,,,,,,,,,,,,,,,,,,,,,,,,,,,,,,,,,,,,,,,,,,,,,,,,,,,,,,,,,,,,,,,,,,,,,,,,,,,,,,,,,,,,,,,,,,,,,,,,,,,,,,,,,,,,,,,,,
Maibu,Maibu,3.333333333,Yes,Yes,Yes,Yes,Yes,Yes,Yes,3,No,Yes,No,No,No,Yes,Yes,Yes,Yes,Yes,No,Yes,3,Yes,Yes,Yes,3,Yes,Yes,Yes,Yes,3,Yes,No,No,No,Yes,4.0,Yes,No,No,No,4,197.537,70.33333333,120,Coconut,120,3,0.5467330171,5,0.0,0.0,0.0,5,0.55,5,3.6,Medium,2.3,0.03253020953,6.42592,1,Upland,4,High,Low Risk,4,1,Low,0.69,Medium,2.3,0.03253020953,6.42592,1,Upland,6,Slight,Low Risk,6,1,Low,0.69,Medium High,4.0,0.87,171.742,5,Upland,4,Slight,Low Risk,4,1,Medium Low,1.2,,,,,,,,,,,,,,,,,,,,,,,,,,,,,,,,,,,,,,,,,,,,,,,,,,,,,,,,,,,,,,,,,,,,,,,,,,,,,,,,,,,,,,,,,,,,,,,,,,,,,,,,,,,,,,,,,,,,,,,,,,,,,,,,,,,,,,,,,,,,,,,,,,,,,,,,,,,,,,,,,,,,,,,,,,,,,,,,,,,,,,,,,,,,,,,,,,,,,,,,,,,,,,,,,,,,,,,,,,,,,,,,,,,,,,,,,,,,,,
Mandamo,Mandamo,3.0,Yes,Yes,Yes,Yes,Yes,Yes,Yes,3,No,Yes,Yes,No,Yes,Yes,Yes,Yes,Yes,Yes,No,Yes,3,Yes,Yes,Yes,3,Yes,Yes,Yes,Yes,3,No,Yes,No,Yes,No,3.0,Yes,Yes,Yes,Yes,3,1964.858,25855.55556,320,Rice,320,2,0.04946922373,1,0.309904329,,0.02777777778,5,0.55,5,2.6,Medium High,3.3,0.4095674089,804.7418,4,Lowland,4,Low,High Risk,16,4,Medium Low,1.1,Medium High,3.3,0.4095674089,804.7418,4,Lowland,6,Slight,Very High Risk,24,4,Medium Low,1.1,Medium,2.6,0.3,412.12,3,Lowland,4,Slight,Very High Risk,16,4,Low,0.9,Medium Low,2.0,0.00595852,8.08,1,Lowland,3,Moderate,Moderate Risk,12,4,Low,0.7,Medium Low,2.0,0.006,8.0794,1,Lowland,2,Moderate,Very High Risk,8,4,Low,0.7,,,,,,,,,,,,,,,,,,,,,,,,,,,,,,,,,,,,,,,,,,,,,,,,,,,,,,,,,,,,,,,,,,,,,,,,,,,,,,,,,,,,,,,,,,,,,,,,,,,,,,,,,,,,,,,,,,,,,,,,,,,,,,,,,,,,,,,,,,,,,,,,,,,,,,,,,,,,,,,,,,,,,,,,,,,,,,,,,,,,,,,,,,,,,,,,,,,,,,,,,,,,,,,,,,,,
Manila De Bugabus,Manila De Bugabus,3.333333333,Yes,Yes,Yes,Yes,Yes,Yes,Yes,3,No,Yes,Yes,No,No,No,No,Yes,No,Yes,No,Yes,3,Yes,Yes,Yes,3,Yes,Yes,Yes,Yes,3,Yes,No,No,No,Yes,4.0,Yes,No,No,No,4,174.066,33954.54545,452,Coconut,452,3,0.7583330461,5,0.0,0.0,0.0,5,0.55,5,3.6,Medium High,3.8,0.3518370044,61.24286,4,Upland,4,Low,High Risk,12,3,Medium Low,1.14,Medium High,3.8,0.3518370044,61.24286,4,Upland,6,Slight,High Risk,18,3,Medium Low,1.14,Medium,3.0,0.31,53.2285,3,Upland,4,Slight,High Risk,12,3,Low,0.9,,,,,,,,,,,,,,,,,,,,,,,,,,,,,,,,,,,,,,,,,,,,,,,,,,,,,,,,,,,,,,,,,,,,,,,,,,,,,,,,,,,,,,,,,,,,,,,,,,,,,,,,3.3333333333333335,Yes,Yes,Yes,Yes,Yes,Yes,Yes,3,Yes,Yes,No,No,No,No,Yes,No,Yes,No,Yes,3,Yes,Yes,Yes,3,Yes,Yes,Yes,Yes,3,Yes,No,No,No,Yes,4.0,Yes,No,No,No,4,3800000,No,No,No,No,No,No,No,No,No,Yes,Yes,No,No,697,174.066,0.24166695391403292,2,0.4,3,1.0,1,0.55,5,0.34850000000000003,4,0.613608320112815,5,3.3333333333333335,Medium High,3.666666666666667,61.24286,0.3518370043546701,4,Upland,4,Slight,Low Risk,3.4272166402256303,0.8568041600564076,Medium Low,1.1,Medium High,3.1,61.24286,0.3518370043546701,4,Upland,6,Slight,Low Risk,4.630824960338444,0.7718041600564074,Low,0.9299999999999999,High,4.25,53.23,0.3058,4,Upland,3,Low,High Risk,9,3,Medium Low,1.275,,,,,,,,,,,,,,,,,,,,,,,,,,
Manuel J. Santos,Manuel J. Santos,3.333333333,Yes,Yes,Yes,Yes,Yes,Yes,Yes,3,No,No,Yes,No,No,Yes,No,No,Yes,Yes,No,Yes,3,Yes,Yes,Yes,3,Yes,Yes,Yes,Yes,3,Yes,No,No,No,Yes,4.0,Yes,No,No,No,4,133.4234,4873.333333,170,Corn,170,3,0.8094532144,5,0.3847908238,4.0,0.0,5,0.55,5,4.4,High,4.2,0.3288555831,43.87703,4,Upland,4,Low,High Risk,12,3,Medium Low,1.26,High,4.2,0.3288555831,43.87703,4,Upland,6,Slight,High Risk,18,3,Medium Low,1.26,Medium High,3.4,0.46,37.906,3,Upland,4,Slight,High Risk,12,3,Medium Low,1.0,Medium,2.5,0.0522257,4.29,1,Upland,3,High,Moderate Risk,9,3,Low,0.8,Medium,2.5,0.052199999999999996,4.28686,1,Upland,2,High,High Risk,6,3,Low,0.8,,,,,,,,,,,,,,,,,,,,,,,,,,,,,,,,,,,,,,,,,,,,,,,,,,,,,,,,,,,,,,,,,,,,,,,,,,,,,,,,,,,,,,,,,,,,,,,,,,,,,,,,,,,,,,,,,,,,,,,,,,,,,,,,,,,,,,,,,,,,,,,,,,,,,,,,,,,,,,,,,,,,,,,,,,,,,,,,,,,,,,,,,,,,,,,,,,,,,,,,,,,,,,,,,,,,
Masao,Masao,3.333333333,Yes,Yes,Yes,Yes,Yes,Yes,Yes,3,No,No,No,No,No,No,No,No,No,No,No,No,3,Yes,Yes,Yes,3,Yes,Yes,Yes,Yes,3,Yes,No,No,No,Yes,4.0,Yes,No,No,No,4,230.672,7200.0,200,Coconut,200,3,0.01300547964,1,0.1507811958,2.0,0.0,5,0.4,4,3.0,Medium High,4.0,0.8460498023,195.16,5,Lowland,4,High,High Risk,16,4,Medium Low,1.2,Medium High,4.0,0.8460498023,195.16,5,Lowland,6,Severe,Very High Risk,24,4,Medium Low,1.2,Medium Low,1.7,0.0,0.0231096,1,Lowland,4,Severe,Very High Risk,16,4,Low,0.5,Medium High,3.8,0.861229,168.71,5,Lowland,3,High,Moderate Risk,12,4,Medium Low,1.1,Medium High,3.8,0.8612000000000001,168.707,5,Lowland,2,High,Very High Risk,8,4,Medium Low,1.1,3.6,Yes,4,No,Yes,Yes,Yes,Yes,4,Yes,Yes,Yes,4,Yes,Yes,Yes,3,Yes,Yes,3,9.1,1365.0,1,0,0,524,81.93,134.1,524,0.0,0.0,0.4,4.0,0,1,0.9,5,0.64,3,3.25,,,,,,,,,,,,,,High,4.125,418.48,5,Coastal,0.974,3,Very High Risk,12,4,Medium Low,1.1785714285714286,High,4.125,418.48,5,Coastal,0.974,2,Very High Risk,8,4,Medium Low,1.1785714285714286,,,,,,,,,,,,,,,,,,,,,,,,,,,,,,,,,,,,,,,,,,,,,,,,,,,,,,,,,,,,,,,,,,,,,,,,,,,,,,,,,,,,,,,,,,,,,,,,,,,,,,,,,,,,,,,,,,,,,,,,,,,,,,,,,,,,,,,
Maug,Maug,3.0,Yes,Yes,Yes,Yes,Yes,Yes,Yes,3,No,No,No,No,No,Yes,No,No,Yes,No,No,Yes,3,Yes,Yes,Yes,3,Yes,Yes,Yes,Yes,3,No,Yes,No,Yes,Yes,3.0,Yes,Yes,Yes,Yes,3,289.0492,24336.0,131,Rice,131,2,0.2075771184,3,0.1564308083,3.0,0.0,5,0.55,5,3.6,High,4.3,0.8435648672,243.83175,5,Lowland,4,Moderate,High Risk,16,4,Medium Low,1.433333333,High,4.3,0.8435648672,243.83175,5,Lowland,6,Moderate,Very High Risk,24,4,Medium Low,1.433333333,,,,,,,,,,,,,,High,4.1,0.543692,132.57,4,Lowland,3,High,Moderate Risk,12,4,Medium Low,1.4,High,4.1,0.5437,132.57,4,Lowland,2,High,Very High Risk,8,4,Medium Low,1.4,3.4,Yes,4,No,No,Yes,Yes,Yes,3,Yes,Yes,Yes,4,Yes,Yes,Yes,3,Yes,Yes,3,0.0,0.0,0,0,0,55,65.04,155.39,55,7.6,912.0,0.55,5.0,0,1,0.8,4,1.0,1,2.75,,,,,,,,,,,,,,Medium High,3.875,49.78,5,Lowland,0.9502,3,Very High Risk,12,4,Medium Low,1.1071428571428572,Medium High,3.875,49.78,5,Lowland,0.9502,2,Very High Risk,8,4,Medium Low,1.1071428571428572,,,,,,,,,,,,,,,,,,,,,,,,,,,,,,,,,,,,,,,,,,,,,,,,,,,,,,,,,,,,,,,,,,,,,,,,,,,,,,,,,,,,,,,,,,,,,,,,,,,,,,,,,,,,,,,,,,,,,,,,,,,,,,,,,,,,,,,
Nong-Nong,Nong-Nong,2.666666667,Yes,Yes,Yes,Yes,Yes,Yes,Yes,3,No,No,No,No,No,Yes,Yes,Yes,Yes,Yes,No,No,3,Yes,Yes,Yes,3,Yes,Yes,Yes,Yes,3,No,Yes,Yes,No,No,,Yes,No,No,No,4,529.991,3105.710814,195,Durian,195,2,0.1132094696,2,0.0,0.0,0.0,5,0.55,5,2.8,Medium Low,1.4,0.005368396822,2.845202,0,Upland,4,Low,Low Risk,4,1,Low,0.525,Medium Low,1.4,0.005368396822,2.845202,0,Upland,6,Slight,Low Risk,6,1,Low,0.525,Medium,2.7,0.5,262.686,3,Upland,4,Slight,Low Risk,4,1,Medium Low,1.0,,,,,,,,,,,,,,,,,,,,,,,,,,,,,,,,,,,,,,,,,,,,,,,,,,,,,,,,,,,,,,,,,,,,,,,,,,,,,,,,,,,,,,,,,,,,,,,,,,,,,,,,,,,,,,,,,,,,,,,,,,,,,,,,,,,,,,,,,,,,,,,,,,,,,,,,,,,,,,,,,,,,,,,,,,,,,,,,,,,,,,,,,,,,,,,,,,,,,,,,,,,,,,,,,,,,,,,,,,,,,,,,,,,,,,,,,,,,,,
Pagatpatan,Pagatpatan,,,,,,,,,,,,,,,,,,,,,,,,,,,,,,,,,,,,,,,,,,,,,,,,,,,,,,,,,,,,,,,,,,,,,,,,,,,,,,,,,,,,,,,,,,,,,,,,,,,,,,,,,,,,,,,,,,,,,,,,,,,3.6,Yes,4,Yes,No,Yes,Yes,Yes,4,Yes,Yes,Yes,4,Yes,Yes,Yes,3,Yes,Yes,3,7.99,1198.5,0,0,0,26,84.65,121.75,26,0.0,0.0,,,0,1,0.75,4,1.0,1,1.5,,,,,,,,,,,,,,Medium High,3.25,47.27,5,Lowland,0.9658,3,High Risk,9,3,Low,0.9285714285714286,Medium High,3.25,47.27,5,Lowland,0.9658,2,High Risk,6,3,Low,0.9285714285714286,,,,,,,,,,,,,,,,,,,,,,,,,,,,,,,,,,,,,,,,,,,,,,,,,,,,,,,,,,,,,,,,,,,,,,,,,,,,,,,,,,,,,,,,,,,,,,,,,,,,,,,,,,,,,,,,,,,,,,,,,,,,,,,,,,,,,,,
Pianing,Pianing,3.0,Yes,Yes,Yes,Yes,Yes,Yes,Yes,3,No,No,No,No,No,No,No,No,No,Yes,No,No,3,Yes,Yes,Yes,3,Yes,Yes,Yes,Yes,3,Yes,No,Yes,No,No,2.0,Yes,No,No,No,4,219.98,1580.487805,140,Karlang,140,2,0.111828348,2,0.0,0.0,0.1097560976,4,0.55,5,2.6,Medium,2.8,0.2461946541,54.1579,3,Lowland,4,Low,High Risk,12,3,Low,0.9333333333,Medium,2.8,0.2461946541,54.1579,3,Lowland,6,Slight,High Risk,18,3,Low,0.9333333333,Medium High,3.1,0.54,119.821,4,Lowland,4,Slight,High Risk,12,3,Medium Low,1.0,,,,,,,,,,,,,,,,,,,,,,,,,,,,,,,,,,,,,,,,,,,,,,,,,,,,,,,,,,,,,,,,,,,,,,,,,,,,,,,,,,,,,,,,,,,,,,,,,,,,,,,,,,,,,,,,,,,,,,,,,,,,,,,,,,,,,,,,,,,,,,,,,,,,,,,,,,,,,,,,,,,,,,,,,,,,,,,,,,,,,,,,,,,,,,,,,,,,,,,,,,,,,,,,,,,,,,,,,,,,,,,,,,,,,,,,,,,,,,
Pigdaulan,Pigdaulan,3.0,Yes,Yes,Yes,Yes,Yes,Yes,Yes,3,No,Yes,No,No,Yes,Yes,No,Yes,Yes,Yes,No,Yes,3,Yes,Yes,Yes,3,Yes,Yes,Yes,Yes,3,No,Yes,Yes,Yes,No,3.0,Yes,Yes,Yes,Yes,3,771.831,172879.7048,380,Rice,380,3,0.2106678794,3,0.4435958131,4.0,0.01660516605,5,0.55,5,4.0,Medium High,4.0,0.3188551743,246.102308,4,Lowland,4,Low,High Risk,12,3,Medium Low,1.333333333,Medium High,4.0,0.3188551743,246.102308,4,Lowland,6,Slight,High Risk,18,3,Medium Low,1.333333333,Medium High,3.7,0.42,179.317,4,Lowland,4,Slight,High Risk,12,3,Medium Low,1.2,Medium,2.2,0.000178344,0.08,1,Lowland,3,Low,Moderate Risk,9,3,Low,0.7,Medium,2.2,0.0002,0.07659,1,Lowland,2,Low,High Risk,6,3,Low,0.7,,,,,,,,,,,,,,,,,,,,,,,,,,,,,,,,,,,,,,,,,,,,,,,,,,,,,,,,,,,,,,,,,,,,,,,,,,,,,,3.0,Yes,Yes,Yes,Yes,Yes,Yes,Yes,3,Yes,No,No,Yes,Yes,No,Yes,Yes,Yes,No,Yes,3,Yes,Yes,Yes,3,Yes,Yes,Yes,Yes,3,No,Yes,Yes,Yes,No,3.0,Yes,Yes,Yes,Yes,3,325000,No,No,No,No,No,No,No,No,No,Yes,Yes,No,No,245,771.8309999999999,0.56,5,0.235,2,0.92,1,0.55,5,0.49,4,0.5663751987281399,5,3.6666666666666665,Medium High,3.833333333333333,246.102308,0.31885517425446763,4,Lowland,4,Slight,Very High Risk,16.0,4.0,Medium Low,1.2777777777777777,Medium High,3.3,246.102308,0.31885517425446763,4,Lowland,6,Slight,Low Risk,4.9991255961844185,0.8331875993640698,Medium Low,1.0999999999999999,High,4.666666666666666,179.32,0.4175,4,Lowland,3,Low,Very High Risk,12,4,Medium Low,1.5555555555555554,,,,,,,,,,,,,,,,,,,,,,,,,,
Pinamanculan,Pinamanculan,3.0,Yes,Yes,Yes,Yes,Yes,Yes,Yes,3,No,Yes,No,No,No,Yes,Yes,Yes,Yes,Yes,No,Yes,3,Yes,Yes,Yes,3,Yes,Yes,Yes,Yes,3,No,Yes,Yes,Yes,No,3.0,Yes,Yes,Yes,Yes,3,846.2,75995.77559,230,Rice,230,3,0.137634129,2,0.2760328528,3.0,0.02318273144,5,0.5,5,3.6,Medium High,3.8,0.4935334554,417.62801,4,Upland,4,High,High Risk,16,4,Medium Low,1.266666667,Medium High,3.8,0.4935334554,417.62801,4,Upland,6,Severe,Very High Risk,24,4,Medium Low,1.266666667,Medium,3.0,0.32,194.983,3,Upland,4,Severe,Very High Risk,16,4,Low,1.0,Medium High,3.2,0.447507,274.15,3,Upland,3,High,Moderate Risk,12,4,Medium Low,1.1,Medium High,3.2,0.4475,274.152,3,Upland,2,High,Very High Risk,8,4,Medium Low,1.1,3.4,Yes,4,No,No,Yes,Yes,Yes,3,Yes,Yes,Yes,4,Yes,Yes,Yes,3,Yes,Yes,3,8.0,1200.0,0,0,0,26,217.11,350.35,26,0.0,0.0,0.5,5.0,0,1,0.7,3,1.0,1,2.5,,,,,,,,,,,,,,Medium High,3.75,147.89,5,Lowland,0.9694,3,Very High Risk,12,4,Medium Low,1.0714285714285714,Medium High,3.75,147.89,5,Lowland,0.9694,2,Very High Risk,8,4,Medium Low,1.0714285714285714,,,,,,,,,,,,,,,,,,,,,,,,,,,,,,,,,,,,,,,,,,,,,,,,,,,,,,,,,,,,,,,,,,,,,,,,,,,,,,,,,,,,,,,,,,,,,,,,,,,,,,,,,,,,,,,,,,,,,,,,,,,,,,,,,,,,,,,
Salvacion,Salvacion,3.0,Yes,Yes,Yes,Yes,Yes,Yes,Yes,3,No,No,No,No,No,Yes,No,No,Yes,Yes,No,No,3,Yes,Yes,Yes,3,Yes,Yes,Yes,Yes,3,No,Yes,Yes,Yes,No,3.0,Yes,Yes,Yes,Yes,3,187.7596,85155.31915,180,Rice,180,5,0.3003841082,3,0.3801648491,4.0,0.04787234043,5,0.55,5,4.4,Medium High,3.2,0.1491982301,28.0134,2,Upland,4,Low,Moderate Risk,8,2,Medium Low,1.066666667,Medium High,3.2,0.1491982301,28.0134,2,Upland,6,Slight,Moderate Risk,12,2,Medium Low,1.066666667,Medium High,3.7,0.69,80.4127,4,Upland,4,Slight,Moderate Risk,8,2,Medium Low,1.2,,,,,,,,,,,,,,,,,,,,,,,,,,,,,,,,,,,,,,,,,,,,,,,,,,,,,,,,,,,,,,,,,,,,,,,,,,,,,,,,,,,,,,,,,,,,,,,,,,,,,,,,,,,,,,,,,,,,,,,,,,,,,,,,,,,,,,,,,,,,,,,,,,,,,,,,,,,,,,,,,,,,,,,,,,,,,,,,,,,,,,,,,,,,,,,,,,,,,,,,,,,,,,,,,,,,,,,,,,,,,,,,,,,,,,,,,,,,,,
San Mateo,San Mateo,3.0,Yes,Yes,Yes,Yes,Yes,Yes,Yes,3,Yes,Yes,Yes,Yes,No,Yes,No,Yes,Yes,Yes,No,Yes,3,Yes,Yes,Yes,3,Yes,Yes,Yes,Yes,3,No,Yes,Yes,Yes,No,3.0,Yes,Yes,Yes,Yes,3,344.6869,31328.57143,250,Rice,250,4,0.07310982808,2,0.2855022921,3.0,0.1071428571,4,0.55,5,3.6,Medium High,3.3,0.2714248786,93.5566,3,Upland,4,Low,High Risk,12,3,Medium Low,1.1,Medium High,3.3,0.2714248786,93.5566,3,Upland,6,Slight,High Risk,18,3,Medium Low,1.1,Medium High,3.4,0.57,139.722,4,Upland,4,Slight,High Risk,12,3,Medium Low,1.1,Medium,2.2,0.0147165,3.62,1,Upland,3,High,Moderate Risk,9,3,Low,0.7,Medium,2.2,0.0147,3.62434,1,Upland,2,High,High Risk,6,3,Low,0.7,,,,,,,,,,,,,,,,,,,,,,,,,,,,,,,,,,,,,,,,,,,,,,,,,,,,,,,,,,,,,,,,,,,,,,,,,,,,,,,,,,,,,,,,,,,,,,,,,,,,,,,,,,,,,,,,,,,,,,,,,,,,,,,,,,,,,,,,,,,,,,,,,,,,,,,,,,,,,,,,,,,,,,,,,,,,,,,,,,,,,,,,,,,,,,,,,,,,,,,,,,,,,,,,,,,,
San Vicente,San Vicente,3.0,Yes,Yes,Yes,Yes,Yes,Yes,Yes,3,No,Yes,No,No,No,Yes,Yes,Yes,Yes,Yes,No,Yes,3,Yes,Yes,Yes,3,Yes,Yes,Yes,Yes,3,No,Yes,Yes,Yes,No,3.0,Yes,Yes,Yes,Yes,3,276.448,113545.0,445,Rice,445,3,0.3906702165,4,0.4991680171,4.0,0.025,5,0.55,5,4.2,High,4.6,0.5008316211,138.4539,5,Lowland,4,High,High Risk,16,4,Medium Low,1.533333333,High,4.6,0.5008316211,138.4539,5,Lowland,6,Severe,Very High Risk,24,4,Medium Low,1.533333333,,,,,,,,,,,,,,Medium,3.0,0.21587,29.89,2,Lowland,3,Low,Moderate Risk,12,4,Low,1.0,Medium,3.0,0.2159,29.8881,2,Lowland,2,Low,Very High Risk,8,4,Low,1.0,3.4,Yes,4,No,No,Yes,Yes,Yes,3,Yes,Yes,Yes,4,Yes,Yes,Yes,3,Yes,Yes,3,0.0,0.0,0,0,0,4,1.37,4.9,4,7.6,912.0,0.55,5.0,0,1,0.7,3,1.0,1,2.5,,,,,,,,,,,,,,Medium High,3.75,26.41,5,Lowland,0.8803,3,Very High Risk,12,4,Medium Low,1.0714285714285714,Medium Low,1.75,26.41,1,Lowland,0.05,2,Low Risk,2,1,Low,0.5,3.0,Yes,Yes,Yes,Yes,Yes,Yes,Yes,3,Yes,No,No,No,Yes,Yes,Yes,Yes,Yes,No,Yes,3,Yes,Yes,Yes,3,Yes,Yes,Yes,Yes,3,No,Yes,Yes,Yes,No,3.0,Yes,Yes,Yes,Yes,3,15000000,No,No,No,No,No,No,No,No,No,No,Yes,No,No,620,276.448,0.72,5,0.19799999999999995,1,0.788712281137464,2,0.55,5,0.31,2,0.23196324351173475,3,3.0,Medium High,4.0,138.4539,0.5008316211367057,5,Lowland,4,Severe,Very High Risk,16.0,4.0,Medium Low,1.3333333333333333,Medium High,3.8,138.4539,0.5008316211367057,5,Lowland,6,Severe,Low Risk,4.495889730535204,0.7493149550892007,Medium Low,1.2666666666666666,,,,,,,,,,,,,,,,,,,,,,,,,,,,,,,,,,,,,,,
Santo Nino,Santo Nino,3.0,Yes,Yes,Yes,Yes,Yes,Yes,Yes,3,No,No,No,Yes,No,Yes,No,Yes,Yes,Yes,No,Yes,3,Yes,Yes,Yes,3,Yes,Yes,Yes,Yes,3,No,Yes,Yes,Yes,No,3.0,Yes,Yes,Yes,Yes,3,1199.16,130392.4303,30,Rice,30,2,0.3767637346,4,0.5017370493,5.0,0.005976095618,5,0.55,5,4.2,Medium High,3.6,0.2436312358,292.1528327,3,Lowland,4,Low,High Risk,12,3,Medium Low,1.2,Medium High,3.6,0.2436312358,292.1528327,3,Lowland,6,Slight,High Risk,18,3,Medium Low,1.2,Medium High,3.4,0.25,149.845,3,Lowland,4,Slight,High Risk,12,3,Medium Low,1.1,,,,,,,,,,,,,,,,,,,,,,,,,,,,,,,,,,,,,,,,,,,,,,,,,,,,,,,,,,,,,,,,,,,,,,,,,,,,,,,,,,,,,,,,,,,,,,,,,,,,,,,,,,,,,,,,,,,,,,,,,,,,,,,,,,,,,,,,,,,,,,,,,,,,,,,,,,,,,,,,,,,,,,,,,,,,,,,,,,,,,,,,,,,,,,,,,,,,,,,,,,,,,,,,,,,,,,,,,,,,,,,,,,,,,,,,,,,,,,
Sumile,Sumile,2.666666667,Yes,Yes,Yes,Yes,Yes,Yes,Yes,3,No,No,No,No,No,No,Yes,No,No,No,No,No,3,Yes,Yes,Yes,3,Yes,Yes,Yes,Yes,3,No,Yes,Yes,No,No,,Yes,No,No,No,4,93.6173,180000.0,300,Coconut,300,4,0.1281814366,2,0.0,0.0,0.0,5,0.55,5,3.2,Medium High,3.1,0.1682146355,15.7478,3,Upland,4,Low,Moderate Risk,8,2,Medium Low,1.1625,Medium High,3.1,0.1682146355,15.7478,3,Upland,6,Slight,Moderate Risk,12,2,Medium Low,1.1625,Medium High,3.2,0.5,46.5162,4,Upland,4,Slight,Moderate Risk,8,2,Medium Low,1.2,,,,,,,,,,,,,,,,,,,,,,,,,,,,,,,,,,,,,,,,,,,,,,,,,,,,,,,,,,,,,,,,,,,,,,,,,,,,,,,,,,,,,,,,,,,,,,,,,,,,,,,,2.6666666666666665,Yes,Yes,Yes,Yes,Yes,Yes,Yes,3,No,No,No,No,No,Yes,No,No,No,No,No,3,Yes,Yes,Yes,3,Yes,Yes,Yes,Yes,3,No,Yes,Yes,No,No,,Yes,No,No,No,4,2819000,No,Yes,Yes,Yes,No,No,No,No,Yes,Yes,No,No,No,352,93.6173,0.4,4,0.42700000000000005,3,1.0,1,0.55,5,0.528,5,0.8791526239768898,5,3.8333333333333335,Medium High,3.416666666666667,15.747800000000002,0.16821463554278965,3,Upland,4,Slight,High Risk,12.0,3.0,Medium Low,1.2812500000000002,Medium,2.8,15.747800000000002,0.16821463554278965,3,Upland,6,Slight,Low Risk,5.78745787193067,0.964576311988445,Medium Low,1.05,High,4.25,46.52,0.4968,3,Upland,3,Low,Very High Risk,12,4,Medium Low,1.59375,,,,,,,,,,,,,,,,,,,,,,,,,,
Sumilihon,Sumilihon,3.0,Yes,Yes,Yes,Yes,Yes,Yes,Yes,3,No,No,No,No,No,Yes,Yes,No,No,Yes,No,Yes,3,Yes,Yes,Yes,3,Yes,Yes,Yes,Yes,3,No,Yes,Yes,Yes,No,3.0,Yes,Yes,Yes,Yes,3,783.8166,153130.3448,485,Rice,485,4,0.08879628219,2,0.05452499985,2.0,0.0,5,0.55,5,3.6,High,4.3,0.8162610999,639.799,5,Lowland,4,Low,High Risk,16,4,Medium Low,1.433333333,High,4.3,0.8162610999,639.799,5,Lowland,6,Slight,Very High Risk,24,4,Medium Low,1.433333333,Medium Low,1.9,0.11,84.3929,1,Lowland,4,Slight,Very High Risk,16,4,Low,0.6,,,,,,,,,,,,,,,,,,,,,,,,,,,,,,,,,,,,,,,,,,,,,,,,,,,,,,,,,,,,,,,,,,,,,,,,,,,,,,,,,,,,,,,,,,,,,,,,,,,,,,,,3.0,Yes,Yes,Yes,Yes,Yes,Yes,Yes,3,No,No,No,No,Yes,Yes,No,No,Yes,No,Yes,3,Yes,Yes,Yes,3,Yes,Yes,Yes,Yes,3,No,Yes,Yes,Yes,No,3.0,Yes,Yes,Yes,Yes,3,6500000,No,No,No,No,No,No,No,No,No,Yes,Yes,No,No,700,783.8166,0.44,4,0.34299999999999997,2,1.0,1,0.55,5,0.49000000000000005,4,0.5384770346494763,5,3.5,High,4.25,639.799,0.8162610998542261,5,Lowland,4,Slight,Very High Risk,16.0,4.0,Medium Low,1.4166666666666667,Medium High,3.7,639.799,0.8162610998542261,5,Lowland,6,Slight,Low Risk,5.315431103948429,0.8859051839914048,Medium Low,1.2333333333333334,High,5.25,84.39,0.1139,5,Lowland,3,Low,Moderate Risk,6,2,Medium Low,1.75,,,,,,,,,,,,,,,,,,,,,,,,,,
Tagabaca,Tagabaca,3.0,Yes,Yes,Yes,Yes,Yes,Yes,Yes,3,No,No,No,No,No,Yes,Yes,Yes,No,Yes,No,Yes,3,Yes,Yes,Yes,3,Yes,Yes,Yes,Yes,3,No,Yes,Yes,Yes,No,3.0,Yes,Yes,Yes,Yes,3,978.081,160170.6561,455,Rice,455,4,0.3085634012,3,0.8096282414,5.0,0.008946322068,5,0.55,5,4.4,Medium High,3.7,0.1674819672,163.81093,3,Lowland,4,Low,Moderate Risk,8,2,Medium Low,1.233333333,Medium High,3.7,0.1674819672,163.81093,3,Lowland,6,Slight,Moderate Risk,12,2,Medium Low,1.233333333,Medium,2.3,0.12,22.3881,1,Lowland,4,Slight,Moderate Risk,8,2,Low,0.8,Medium,2.6,0.050501,9.4,1,Lowland,3,Low,Low Risk,6,2,Low,0.9,Medium,2.6,0.050499999999999996,9.40324,1,Lowland,2,Low,Moderate Risk,4,2,Low,0.9,,,,,,,,,,,,,,,,,,,,,,,,,,,,,,,,,,,,,,,,,,,,,,,,,,,,,,,,,,,,,,,,,,,,,,,,,,,,,,,,,,,,,,,,,,,,,,,,,,,,,,,,,,,,,,,,,,,,,,,,,,,,,,,,,,,,,,,,,,,,,,,,,,,,,,,,,,,,,,,,,,,,,,,,,,,,,,,,,,,,,,,,,,,,,,,,,,,,,,,,,,,,,,,,,,,,
Taguibo,Taguibo,3.0,Yes,Yes,Yes,Yes,Yes,Yes,Yes,3,No,No,No,No,No,Yes,Yes,Yes,No,Yes,No,Yes,3,Yes,Yes,Yes,3,Yes,Yes,Yes,Yes,3,No,Yes,Yes,Yes,No,3.0,Yes,Yes,Yes,Yes,3,582.1394,49673.43018,150,Rice,150,3,0.08584541778,2,0.08641297943,2.0,0.05402809461,4,0.55,5,3.2,High,4.1,0.6648115554,387.013,5,Lowland,4,Low,High Risk,16,4,Medium Low,1.366666667,High,4.1,0.6648115554,387.013,5,Lowland,6,Slight,Very High Risk,24,4,Medium Low,1.366666667,Medium,2.3,0.2,108.648,2,Lowland,4,Slight,Very High Risk,16,4,Low,0.8,,,,,,,,,,,,,,,,,,,,,,,,,,,,,,,,,,,,,,,,,,,,,,,,,,,,,,,,,,,,,,,,,,,,,,,,,,,,,,,,,,,,,,,,,,,,,,,,,,,,,,,,,,,,,,,,,,,,,,,,,,,,,,,,,,,,,,,,,,,,,,,,,,,,,,,,,,,,,,,,,,,,,,,,,,,,,,,,,,,,,,,,,,,,,,,,,,,,,,,,,,,,,,,,,,,,,,,,,,,,,,,,,,,,,,,,,,,,,,
Taligaman,Taligaman,2.666666667,Yes,Yes,Yes,Yes,Yes,Yes,Yes,3,No,Yes,No,No,No,Yes,Yes,Yes,Yes,Yes,No,Yes,3,Yes,Yes,Yes,3,Yes,Yes,Yes,Yes,3,No,Yes,Yes,No,No,,Yes,No,No,No,4,312.3369,17072.8779,195,Coconut,195,3,0.1600003074,3,0.1049984808,2.0,0.0,5,0.55,5,3.6,Medium High,3.8,0.3591186312,112.166,4,Upland,4,Low,High Risk,12,3,Medium Low,1.425,Medium High,3.8,0.3591186312,112.166,4,Upland,6,Slight,High Risk,18,3,Medium Low,1.425,Medium,3.0,0.37,103.013,3,Upland,4,Slight,High Risk,12,3,Medium Low,1.1,,,,,,,,,,,,,,,,,,,,,,,,,,,,,,,,,,,,,,,,,,,,,,,,,,,,,,,,,,,,,,,,,,,,,,,,,,,,,,,,,,,,,,,,,,,,,,,,,,,,,,,,,,,,,,,,,,,,,,,,,,,,,,,,,,,,,,,,,,,,,,,,,,,,,,,,,,,,,,,,,,,,,,,,,,,,,,,,,,,,,,,,,,,,,,,,,,,,,,,,,,,,,,,,,,,,,,,,,,,,,,,,,,,,,,,,,,,,,,
Tiniwisan,Tiniwisan,3.0,Yes,Yes,Yes,Yes,Yes,Yes,Yes,3,No,Yes,Yes,No,Yes,Yes,Yes,Yes,Yes,Yes,No,Yes,3,Yes,Yes,Yes,3,Yes,Yes,Yes,Yes,3,No,Yes,Yes,Yes,No,3.0,Yes,Yes,Yes,Yes,3,511.495,47714.87889,170,Rice,170,3,0.3051056218,3,0.3551745374,4.0,0.01730103806,5,0.55,5,4.0,High,4.5,0.6448268312,329.8257,5,Lowland,4,Low,High Risk,16,4,Medium Low,1.5,High,4.5,0.6448268312,329.8257,5,Lowland,6,Slight,Very High Risk,24,4,Medium Low,1.5,,,,,,,,,,,,,,Medium,2.7,0.0432366,14.26,1,Lowland,3,Low,Moderate Risk,12,4,Low,0.9,Medium,2.7,0.0432,14.2605,1,Lowland,2,Low,Very High Risk,8,4,Low,0.9,,,,,,,,,,,,,,,,,,,,,,,,,,,,,,,,,,,,,,,,,,,,,,,,,,,,,,,,,,,,,,,,,,,,,,,,,,,,,,3.0,Yes,Yes,Yes,Yes,Yes,Yes,Yes,3,Yes,Yes,No,Yes,Yes,Yes,Yes,Yes,Yes,No,Yes,3,Yes,Yes,Yes,3,Yes,Yes,Yes,Yes,3,No,Yes,Yes,Yes,No,3.0,Yes,Yes,Yes,Yes,3,26500000,No,No,No,No,No,No,No,No,No,No,Yes,No,No,350,511.495,0.67,5,0.235,2,0.860611020185488,1,0.55,5,0.21,2,0.44053464266230224,4,3.1666666666666665,High,4.083333333333333,329.8257,0.6448268311518196,5,Lowland,4,Slight,Very High Risk,16.0,4.0,Medium Low,1.361111111111111,Medium High,3.8,329.8257,0.6448268311518196,5,Lowland,6,Slight,Low Risk,5.121603927986906,0.8536006546644844,Medium Low,1.2666666666666666,,,,,,,,,,,,,,Medium High,3.8,14.26,0.0432,1,Lowland,3,Low,Low Risk,3,1,Medium Low,1.2666666666666666,Medium High,3.8,14.26,0.0422,1,Lowland,2,Low,Low Risk,3,1,Medium Low,1.2666666666666666
Tungao,Tungao,3.0,Yes,Yes,Yes,Yes,Yes,Yes,Yes,3,No,Yes,No,No,No,Yes,Yes,Yes,Yes,Yes,No,Yes,3,Yes,Yes,Yes,3,Yes,Yes,Yes,Yes,3,Yes,No,Yes,No,No,2.0,Yes,No,No,No,4,1021.4001,241.853576,509,Rubber,509,5,0.5552378544,5,0.01512639366,1.0,0.004760897165,5,0.55,5,4.2,Medium High,3.1,0.1000889857,102.2309,2,Upland,4,Low,Low Risk,4,1,Medium Low,1.033333333,Medium High,3.1,0.1000889857,102.2309,2,Upland,6,Slight,Low Risk,6,1,Medium Low,1.033333333,Medium High,3.6,0.57,571.927,4,Upland,4,Slight,Low Risk,4,1,Medium Low,1.2,Medium,2.4,0.0018898,1.9,1,Upland,3,Low,Low Risk,3,1,Low,0.8,Medium,2.4,0.0019,1.90104,1,Upland,2,Low,Low Risk,2,1,Low,0.8,3.4,Yes,4,No,No,Yes,Yes,Yes,3,Yes,Yes,Yes,4,Yes,Yes,Yes,3,Yes,Yes,3,0.0,0.0,0,0,0,22,5.25,0.0,22,7.8,936.0,0.55,5.0,0,1,0.6,3,1.0,1,2.5,Medium,2.75,45.37,3,Upland,0.155,3,Low,High Risk,6,2,Low,0.7857142857142857,Medium,2.75,45.38,3,Upland,0.2766,3,High Risk,9,3,Low,0.7857142857142857,Medium Low,1.75,45.38,1,Upland,0.015,2,Low Risk,2,1,Low,0.5,3.0,Yes,Yes,Yes,Yes,Yes,Yes,Yes,3,Yes,No,No,No,Yes,Yes,Yes,Yes,Yes,No,Yes,3,Yes,Yes,Yes,3,Yes,Yes,Yes,Yes,3,Yes,No,Yes,No,No,2.0,Yes,No,No,No,4,970000,Yes,No,No,No,No,No,Yes,No,No,No,No,Yes,Yes,680,1021.4001000000001,0.46,4,0.39,3,1.0,1,0.55,5,0.68,5,0.6136083201128151,5,3.8333333333333335,Medium,2.916666666666667,102.23089999999999,0.10008898569718172,2,Upland,4,Slight,Moderate Risk,8.0,2.0,Low,0.9722222222222223,Medium,2.3,102.23089999999999,0.10008898569718172,2,Upland,6,Slight,Low Risk,4.1408249603384455,0.6901374933897408,Low,0.7666666666666666,Medium High,3.9166666666666665,571.93,0.5685,2,Upland,3,Moderate,Very High Risk,12,4,Medium Low,1.3055555555555556,Medium,2.3,5.82,0.0057,1,Upland,3,Moderate,Low Risk,3,1,Low,0.7666666666666666,Medium,2.3,5.82,0.0058,1,Upland,2,Moderate,Low Risk,3,1,Low,0.7666666666666666
Villa Kananga,Villa Kananga,3.0,Yes,Yes,Yes,Yes,Yes,Yes,Yes,3,No,No,No,No,No,No,Yes,No,Yes,No,No,No,3,Yes,Yes,Yes,3,Yes,Yes,Yes,Yes,3,No,Yes,No,Yes,No,3.0,Yes,Yes,Yes,Yes,3,243.7652,48456.63717,51,Rice,51,1,0.1390682509,2,0.339503752,4.0,0.0,5,0.3,3,3.0,Medium High,4.0,0.6604950173,161.0057,5,Lowland,4,Moderate,High Risk,16,4,Medium Low,1.333333333,Medium High,4.0,0.6604950173,161.0057,5,Lowland,6,Moderate,Very High Risk,24,4,Medium Low,1.333333333,,,,,,,,,,,,,,Medium,2.9,0.241936,38.95,2,Lowland,3,Moderate,Moderate Risk,12,4,Low,1.0,Medium,2.9,0.2419,38.9532,2,Lowland,2,Moderate,Very High Risk,8,4,Low,1.0,,,,,,,,,,,,,,,,,,,,,,,,,,,,,,,,,,,,,,,,,,,,,,,,,,,,,,,,,,,,,,,,,,,,,,,,,,,,,,,,,,,,,,,,,,,,,,,,,,,,,,,,,,,,,,,,,,,,,,,,,,,,,,,,,,,,,,,,,,,,,,,,,,,,,,,,,,,,,,,,,,,,,,,,,,,,,,,,,,,,,,,,,,,,,,,,,,,,,,,,,,,,,,,,,,,,
